Staff ID,Staff Name,Position,Department,Start Date,Email
S0001,Robert Gutierrez,Clerk,Administration,2022-07-01,stephanie24@example.net
S0002,Maria Robles,Salesperson,Administration,2020-11-12,wolfscott@example.com
S0003,James Bailey,Salesperson,Management,2023-12-06,hgrimes@example.net
S0004,Diane Newton,Technician,Management,2021-05-25,lisastone@example.org
S0005,David Pierce,Clerk,Service,2020-05-16,joshuaparker@example.com
S0006,Karen Myers,Clerk,Sales,2019-08-05,toddgreen@example.com
S0007,Jennifer Torres,Technician,Administration,2022-08-27,montgomeryadam@example.com
S0008,Christopher Arnold,Salesperson,Service,2022-05-17,boyddanielle@example.org
S0009,Lauren Walsh,Technician,Administration,2021-11-08,kmarshall@example.org
S0010,Tina Chambers,Technician,Sales,2020-03-20,snowmolly@example.com
S0011,Ronald Nelson,Manager,Sales,2021-09-22,karina07@example.org
S0012,Katie Jimenez,Clerk,Service,2022-02-20,derrickbanks@example.com
S0013,Julie Smith,Manager,Sales,2023-08-14,alexanderjames@example.net
S0014,Sandra Ewing,Salesperson,Service,2021-12-06,pclarke@example.net
S0015,Robert Russell,Manager,Service,2024-03-01,brian87@example.net
S0016,Brian Washington,Manager,Administration,2022-06-29,joseph56@example.org
S0017,Michelle Mcclain,Clerk,Service,2023-01-05,linda59@example.com
S0018,Craig Williams,Clerk,Management,2020-05-14,kmorgan@example.org
S0019,Lynn Kane,Technician,Service,2021-10-02,steven82@example.com
S0020,Charles Fitzgerald,Salesperson,Sales,2020-06-05,mlopez@example.net
S0021,Amy Kim,Technician,Administration,2020-12-26,lyonsandrea@example.org
S0022,Steven Griffin,Technician,Service,2020-05-22,burkejohn@example.com
S0023,Deborah Noble,Manager,Administration,2023-12-23,daybrandy@example.net
S0024,Christina Garcia,Technician,Management,2023-01-27,johnbrown@example.org
S0025,Frank Hernandez,Manager,Management,2023-07-12,kmiller@example.net
S0026,Brian Campos,Technician,Administration,2019-06-23,ltorres@example.net
S0027,Marvin Mathis,Manager,Administration,2019-05-11,ronald27@example.net
S0028,Kimberly Sanchez,Manager,Sales,2021-12-02,danielparker@example.net
S0029,Jason Gillespie,Manager,Sales,2023-09-18,usuarez@example.net
S0030,Michael Griffin,Manager,Service,2022-04-08,hannah67@example.net
S0031,Luke Calhoun,Manager,Management,2021-01-24,hrasmussen@example.org
S0032,Matthew Hill,Manager,Sales,2021-08-22,brendaharrington@example.com
S0033,Jennifer Dean,Technician,Sales,2023-07-24,lauren67@example.com
S0034,Randy Moore,Clerk,Service,2021-03-09,coxchristopher@example.com
S0035,Stacey Johnston,Salesperson,Service,2019-05-12,hburke@example.net
S0036,Adam Murray,Manager,Management,2022-08-09,ocosta@example.org
S0037,Stephen Martin,Clerk,Sales,2020-07-11,pittmanscott@example.net
S0038,Sally Vargas,Salesperson,Sales,2022-08-15,holly41@example.net
S0039,Michael Jones,Salesperson,Sales,2020-01-14,richvictoria@example.com
S0040,Ronald Taylor,Clerk,Sales,2022-10-14,allenkelly@example.com
S0041,Desiree Clay,Salesperson,Sales,2019-05-29,teresanoble@example.org
S0042,Nathan Norman,Technician,Service,2023-02-23,dalvarez@example.com
S0043,Gregory Robinson,Technician,Management,2020-01-18,harperbrittany@example.org
S0044,Casey Parks,Salesperson,Sales,2022-01-16,parkeraustin@example.org
S0045,Shannon Maldonado,Clerk,Management,2020-02-25,jacqueline42@example.com
S0046,Sara Dominguez,Clerk,Sales,2023-08-18,wrightjon@example.org
S0047,Grace Burns,Clerk,Administration,2021-10-27,nancyshepherd@example.net
S0048,Susan Farley,Technician,Administration,2020-05-01,maria41@example.org
S0049,Pamela Adams,Technician,Service,2020-09-21,khensley@example.com
S0050,Brett Mejia,Technician,Sales,2023-02-09,jonathangarza@example.net
S0051,Madison Scott,Technician,Administration,2020-08-22,logan01@example.net
S0052,Gary Alexander,Salesperson,Service,2022-02-12,gillespiemarc@example.net
S0053,Kara Edwards,Salesperson,Management,2020-02-18,millerana@example.com
S0054,Candace Allen,Clerk,Management,2020-07-08,dbarnes@example.org
S0055,Brittney White,Clerk,Management,2021-12-06,trevor88@example.net
S0056,Nicole Martinez,Manager,Sales,2021-12-15,pramirez@example.org
S0057,Clayton Martinez,Salesperson,Sales,2023-08-31,woodheather@example.net
S0058,Shannon Robertson,Manager,Service,2020-08-08,vbailey@example.org
S0059,Jacob Perry,Clerk,Administration,2020-08-19,garyodom@example.com
S0060,Kendra Webster,Salesperson,Administration,2020-12-24,rscott@example.org
S0061,Mary Gallegos,Manager,Management,2023-07-22,rossmcdowell@example.net
S0062,John Scott,Manager,Management,2021-09-23,patrickcaitlin@example.org
S0063,Rose Mcmillan,Technician,Management,2023-04-25,melissagutierrez@example.net
S0064,Danielle Allen,Clerk,Sales,2023-04-09,julie72@example.org
S0065,Joshua Robinson,Salesperson,Administration,2019-09-17,patelmathew@example.com
S0066,Douglas Ortiz,Manager,Management,2020-11-26,micheleosborne@example.com
S0067,Dalton Crane,Clerk,Management,2021-08-26,garrettmaria@example.org
S0068,Alexa Black,Clerk,Administration,2023-11-13,april21@example.org
S0069,Heather Irwin,Salesperson,Administration,2021-09-06,marycastro@example.org
S0070,James Montes,Salesperson,Service,2023-06-06,sthomas@example.com
S0071,Edward Miller,Manager,Management,2023-08-11,stewartjeffrey@example.com
S0072,David Pineda,Clerk,Service,2020-06-10,kellymatthews@example.com
S0073,Christopher Williams,Salesperson,Sales,2021-04-17,terryjennifer@example.org
S0074,Miguel Dickerson,Manager,Service,2020-08-22,dustin22@example.com
S0075,Catherine Elliott,Clerk,Administration,2021-03-04,ysmith@example.org
S0076,Susan Brooks,Technician,Management,2023-09-24,denisedouglas@example.org
S0077,Roger Jones,Clerk,Management,2023-11-04,samuel49@example.com
S0078,Lisa House,Clerk,Management,2022-06-03,cruzandrew@example.net
S0079,Kenneth Rojas,Manager,Administration,2020-10-14,xmorrison@example.com
S0080,Lori Williams,Salesperson,Administration,2023-12-15,uhenderson@example.com
S0081,Lori Short,Salesperson,Management,2021-01-01,douglas32@example.org
S0082,John Perry,Salesperson,Administration,2023-03-24,kathleen59@example.com
S0083,Robert Cooley,Technician,Administration,2020-05-20,jimhammond@example.com
S0084,John Terry,Manager,Service,2023-07-31,tinasheppard@example.net
S0085,Paige Gallagher,Technician,Management,2023-06-29,bryanthannah@example.net
S0086,Thomas Escobar,Clerk,Administration,2022-06-10,williamsontom@example.net
S0087,Rachel Dougherty,Clerk,Service,2021-11-04,contrerasmaureen@example.com
S0088,Matthew Harrell,Clerk,Service,2023-05-12,qnavarro@example.net
S0089,Ryan Crane,Clerk,Management,2021-12-30,annasmith@example.com
S0090,Robert Roberts,Salesperson,Sales,2021-04-23,raymondmichael@example.net
S0091,Jennifer Young,Salesperson,Service,2019-12-07,wardtristan@example.net
S0092,Natalie Wolfe MD,Manager,Sales,2021-02-08,john50@example.com
S0093,Collin Johnson,Clerk,Sales,2023-01-25,adambernard@example.com
S0094,Lisa White,Technician,Management,2020-11-04,aaronweiss@example.net
S0095,James Brown,Salesperson,Administration,2023-08-20,thampton@example.com
S0096,Amy Mata,Salesperson,Service,2020-04-23,candice23@example.com
S0097,Paige Burch,Clerk,Management,2019-10-09,rrussell@example.net
S0098,Donna Watson,Manager,Administration,2022-03-10,richardward@example.net
S0099,Michael Douglas,Manager,Management,2019-04-29,tonyrodriguez@example.org
S0100,Travis Lee,Salesperson,Administration,2020-07-14,daviseric@example.org
S0101,Tiffany Mcclure,Clerk,Service,2019-12-28,deanna51@example.org
S0102,Sarah Cook,Manager,Sales,2021-01-29,nleonard@example.net
S0103,Kimberly Elliott,Salesperson,Service,2021-05-21,nbarnes@example.net
S0104,Holly Glenn,Technician,Administration,2023-02-10,nwalsh@example.net
S0105,Justin Gonzalez,Manager,Administration,2021-05-22,nicoleanderson@example.net
S0106,Casey Collins,Clerk,Administration,2022-06-12,kellyalbert@example.org
S0107,Alicia Lee,Manager,Administration,2021-08-26,garrettjason@example.org
S0108,Joseph Deleon,Technician,Administration,2023-01-28,katherinegomez@example.com
S0109,Sarah Mcdowell,Salesperson,Sales,2022-12-21,zluna@example.com
S0110,Yvonne Lee,Technician,Sales,2021-01-21,audreynichols@example.net
S0111,Candice Bradshaw,Technician,Sales,2023-06-22,courtneywoods@example.net
S0112,Alan Wood,Technician,Service,2022-09-04,osavage@example.net
S0113,Andrew Reynolds,Technician,Sales,2024-01-07,michaelgraham@example.org
S0114,Jason Fleming,Salesperson,Administration,2021-08-02,stevenpena@example.net
S0115,Sherry Luna,Technician,Sales,2023-04-30,ypham@example.org
S0116,Tamara Reynolds,Clerk,Administration,2020-05-19,melissa29@example.org
S0117,Evan Lamb II,Clerk,Sales,2022-09-08,paul77@example.org
S0118,Jason Long,Technician,Administration,2022-03-04,ppollard@example.net
S0119,David Nelson,Manager,Management,2021-12-20,hwilliams@example.net
S0120,Jamie Meza,Salesperson,Administration,2021-08-31,bhaynes@example.net
S0121,Jordan Thompson,Salesperson,Sales,2020-05-19,cynthiagray@example.net
S0122,Tammy Lynch,Manager,Sales,2020-04-07,stoutcraig@example.org
S0123,Jason Perkins,Salesperson,Management,2022-11-25,thomas52@example.org
S0124,Jennifer Colon,Manager,Management,2020-03-24,randallparker@example.net
S0125,David Barry,Technician,Administration,2022-07-09,lewisterri@example.org
S0126,Jamie Cook,Clerk,Administration,2023-06-01,qsimmons@example.com
S0127,Nicholas Henry,Salesperson,Management,2023-09-05,christine37@example.net
S0128,Laura Mcdaniel,Clerk,Sales,2021-10-29,tina02@example.org
S0129,Angela Ochoa,Technician,Management,2020-07-17,lerickson@example.com
S0130,Peter Sanchez,Technician,Administration,2019-08-14,robert61@example.org
S0131,Angela Bray,Technician,Sales,2021-10-02,judith51@example.net
S0132,Tammy Byrd,Salesperson,Sales,2022-05-11,pamela64@example.org
S0133,Kevin Osborn,Manager,Service,2022-05-30,horntara@example.com
S0134,Laura Dixon,Salesperson,Service,2019-05-20,smithbrittany@example.org
S0135,Julie Williams,Clerk,Sales,2024-02-09,donna96@example.net
S0136,Joseph Jones,Technician,Administration,2024-02-09,reneebailey@example.com
S0137,William Cuevas,Salesperson,Service,2021-05-03,terrimoore@example.net
S0138,Joseph Roberts,Technician,Administration,2021-09-15,hcarter@example.com
S0139,Danielle Miller,Technician,Administration,2022-12-14,markbecker@example.com
S0140,Susan Davis,Manager,Service,2024-01-12,amyhall@example.com
S0141,Ashley Hickman,Clerk,Sales,2021-06-06,laurenhaley@example.net
S0142,Jacqueline Ramirez,Salesperson,Sales,2023-11-25,woodjackie@example.net
S0143,Melissa Davis,Clerk,Administration,2020-05-29,cynthia71@example.org
S0144,Shane Robinson,Technician,Administration,2019-12-29,richard31@example.net
S0145,Kelly Rodriguez,Technician,Administration,2020-06-03,ytanner@example.net
S0146,Jeffrey Burton,Technician,Administration,2023-02-17,kanejuan@example.net
S0147,Mary Hoffman,Technician,Management,2022-10-10,george06@example.net
S0148,Christopher Blake,Technician,Service,2023-08-12,blackburnlinda@example.net
S0149,Linda Richmond,Manager,Sales,2023-09-09,robert39@example.org
S0150,Miranda Thomas,Clerk,Administration,2020-05-05,qmitchell@example.com
S0151,Chad Warner,Manager,Administration,2022-05-02,rbuchanan@example.net
S0152,Alejandro Williams,Salesperson,Management,2023-02-27,usmith@example.com
S0153,John Brown,Technician,Management,2020-08-03,martinezpamela@example.net
S0154,Christopher Flores,Clerk,Sales,2022-02-01,penny25@example.org
S0155,Nathan Osborne,Manager,Service,2022-02-09,brycecastillo@example.net
S0156,Javier Mack,Manager,Administration,2021-01-25,mmcgrath@example.net
S0157,Christopher Cannon,Salesperson,Sales,2020-06-03,pgomez@example.org
S0158,Charlene Floyd,Manager,Service,2022-08-06,jrobinson@example.net
S0159,Donald Pope,Salesperson,Administration,2021-01-21,jonathandiaz@example.org
S0160,Luis Ortega,Clerk,Administration,2022-07-18,katierocha@example.net
S0161,Eric Woodard,Technician,Sales,2021-03-19,ukelly@example.com
S0162,Lynn Vasquez,Salesperson,Sales,2022-10-07,sullivanlindsay@example.com
S0163,Gerald Burns,Salesperson,Service,2019-08-21,tinapatterson@example.net
S0164,Jessica Banks,Technician,Sales,2021-06-03,barbara94@example.net
S0165,Mary Baker,Salesperson,Management,2023-08-27,howardangie@example.org
S0166,Bonnie Smith,Salesperson,Sales,2024-02-18,john73@example.net
S0167,David Turner,Salesperson,Administration,2021-11-07,martinjoseph@example.org
S0168,Brandi King,Manager,Sales,2022-08-27,fernandezkayla@example.com
S0169,Andres Morgan,Salesperson,Management,2021-12-02,jessica42@example.net
S0170,Carla Montgomery,Manager,Sales,2020-01-24,xwilson@example.net
S0171,Matthew Perry,Technician,Management,2022-10-30,jennifer78@example.com
S0172,Kevin Lewis,Technician,Management,2023-11-17,matthew92@example.net
S0173,Andrew Johnson,Clerk,Service,2019-05-24,ashley81@example.net
S0174,Patricia Valentine,Technician,Administration,2019-10-30,patelteresa@example.org
S0175,Michelle Jensen,Clerk,Sales,2019-12-04,phelpswendy@example.net
S0176,Kristin Walters,Clerk,Sales,2022-08-21,thomas01@example.org
S0177,Eric Bell,Technician,Management,2020-08-21,brenda01@example.org
S0178,Robert Fischer,Salesperson,Management,2021-02-17,lorianderson@example.com
S0179,April Beck,Manager,Service,2019-04-07,sheltonkenneth@example.net
S0180,Tina Patterson,Clerk,Sales,2022-06-17,opatterson@example.com
S0181,Julie Armstrong,Technician,Sales,2021-02-17,xthompson@example.com
S0182,Chelsea Walker,Salesperson,Service,2020-03-15,juliagordon@example.com
S0183,Christian Berg,Clerk,Service,2023-10-04,ashleymontgomery@example.org
S0184,Kristen Romero,Manager,Administration,2020-11-20,zhickman@example.com
S0185,Zachary Mills,Technician,Service,2019-03-24,mcknightcody@example.org
S0186,Joseph Jones,Clerk,Administration,2021-04-29,vknight@example.org
S0187,Tanya Mitchell,Clerk,Sales,2019-08-23,melissamiller@example.org
S0188,Laura Mckenzie,Manager,Management,2020-09-25,rtran@example.org
S0189,Erik Huffman,Salesperson,Sales,2023-10-03,shannonramsey@example.net
S0190,Kenneth Powell,Clerk,Administration,2023-05-06,moralestroy@example.com
S0191,Douglas Gardner,Clerk,Management,2021-10-02,jesus92@example.net
S0192,Ryan Cole,Clerk,Administration,2022-05-16,christopherbrown@example.com
S0193,Katherine Hansen,Salesperson,Sales,2023-02-13,margaretharrison@example.org
S0194,Michelle Perez,Manager,Sales,2019-11-11,daviserin@example.com
S0195,James King,Salesperson,Management,2021-05-11,huertamckenzie@example.net
S0196,Christine Rogers,Manager,Sales,2019-05-10,matthew34@example.net
S0197,Sean Pearson,Technician,Service,2021-07-11,markstephenson@example.com
S0198,James Moore,Technician,Sales,2022-06-29,jmorris@example.com
S0199,Alexandria Harris,Manager,Management,2023-06-23,maryhuynh@example.net
S0200,Brian Waters,Technician,Management,2019-08-06,debbieevans@example.com
S0201,Michael Melendez,Manager,Administration,2019-03-28,zthomas@example.org
S0202,Keith Watkins,Manager,Sales,2019-06-08,owheeler@example.com
S0203,Lisa Wright,Manager,Administration,2021-12-16,adamswilliam@example.org
S0204,Eric Graham,Clerk,Service,2023-05-02,david53@example.net
S0205,Kenneth Yoder,Salesperson,Sales,2021-09-11,gina24@example.org
S0206,Angela Chung,Technician,Service,2021-03-22,lrush@example.com
S0207,Scott Boyd,Technician,Management,2022-03-31,yshelton@example.net
S0208,Alec Crawford,Technician,Sales,2021-07-24,amy48@example.com
S0209,Anthony Harvey,Technician,Management,2019-10-24,kwalker@example.net
S0210,Kimberly Ramsey,Salesperson,Service,2019-07-16,james05@example.org
S0211,Anna Franklin,Technician,Administration,2019-04-11,christopherjacobs@example.net
S0212,Ronald Jones,Clerk,Administration,2022-02-10,fernandezdavid@example.org
S0213,Daniel Taylor,Technician,Management,2021-08-01,holdenjeffrey@example.org
S0214,Chelsey Villarreal,Salesperson,Sales,2023-12-17,natalietran@example.org
S0215,Andrea Hardy,Manager,Sales,2019-09-07,jimmybraun@example.com
S0216,Michael Casey,Clerk,Management,2022-05-30,christopher51@example.org
S0217,Leslie Ewing,Clerk,Service,2020-12-27,terrispencer@example.org
S0218,Jennifer Reed,Manager,Administration,2020-06-18,mariah39@example.net
S0219,Patrick Sullivan,Salesperson,Service,2019-04-06,myersanthony@example.net
S0220,Kristen Murphy,Clerk,Management,2020-08-19,marymorales@example.org
S0221,Donald Cox,Salesperson,Sales,2021-08-26,lauren71@example.org
S0222,William Mercado,Clerk,Administration,2023-10-23,johngates@example.com
S0223,David Santos,Salesperson,Management,2021-04-24,loriwhitaker@example.org
S0224,Marcus Carpenter,Clerk,Sales,2019-08-09,heathtimothy@example.org
S0225,Jessica Ramos,Salesperson,Sales,2021-08-14,kthompson@example.org
S0226,Meghan Gilbert,Technician,Service,2024-01-23,kenneth16@example.org
S0227,Christopher Gordon,Technician,Service,2022-01-26,wesley73@example.net
S0228,Gregory Morales,Clerk,Management,2021-11-12,james48@example.org
S0229,Douglas Wilson,Manager,Administration,2023-07-08,michael98@example.com
S0230,Jennifer Lee,Manager,Administration,2023-09-07,erinrogers@example.com
S0231,Mallory Martinez,Manager,Administration,2022-03-10,evanscourtney@example.com
S0232,Brandy Valenzuela,Clerk,Administration,2020-03-08,eandrade@example.org
S0233,John Thomas,Technician,Administration,2022-10-16,zbishop@example.com
S0234,Barbara Day,Manager,Administration,2024-03-04,sarahjones@example.net
S0235,Zachary Wade,Manager,Management,2022-03-09,reevesdillon@example.net
S0236,Adam Simon,Salesperson,Administration,2019-11-24,palmerbrian@example.org
S0237,Melissa Winters,Manager,Administration,2021-04-01,christopher85@example.com
S0238,Amber Donaldson,Salesperson,Service,2019-11-01,jmartin@example.org
S0239,Allison Mcdaniel,Manager,Service,2024-01-06,benjaminlewis@example.org
S0240,Nancy Barr,Technician,Management,2020-05-28,jennifer52@example.net
S0241,Brandon Morris,Salesperson,Administration,2021-10-17,josejackson@example.org
S0242,Jeffery Prince,Clerk,Management,2021-12-22,kbeltran@example.net
S0243,Andrew Lewis,Clerk,Administration,2022-01-17,umoyer@example.org
S0244,Keith Aguilar,Clerk,Sales,2021-06-24,jeffreyjohnson@example.com
S0245,Kenneth Frey,Clerk,Administration,2021-02-08,mark48@example.org
S0246,Denise Butler,Salesperson,Administration,2022-09-20,reyesamber@example.org
S0247,Randy Meyer,Clerk,Administration,2022-07-16,susanscott@example.com
S0248,Dean Morales,Salesperson,Sales,2019-11-28,victoria70@example.net
S0249,Christopher Tran,Salesperson,Administration,2022-10-25,kristenstone@example.org
S0250,Lisa Jordan,Clerk,Service,2021-08-14,johnlewis@example.net
S0251,Robert Wright,Salesperson,Sales,2022-05-26,robinsoncynthia@example.org
S0252,Krystal Mcconnell,Manager,Management,2021-09-25,odomchristopher@example.org
S0253,Jacqueline Zuniga,Technician,Management,2023-08-14,hendersonbryan@example.net
S0254,Jimmy Smith,Clerk,Service,2020-09-29,kelseyhernandez@example.net
S0255,Tyler Johnson,Clerk,Sales,2021-04-26,louisbrown@example.com
S0256,Michael Romero,Clerk,Management,2019-10-30,smithsarah@example.net
S0257,Scott Farley,Technician,Administration,2020-07-29,mikebailey@example.net
S0258,Laura Beck,Manager,Management,2021-08-06,cooperchristopher@example.org
S0259,Tonya Cross,Salesperson,Management,2023-08-10,gregorywilliams@example.com
S0260,Bryan James,Technician,Administration,2023-05-04,ebrown@example.org
S0261,Adrian Dunn,Clerk,Administration,2019-06-30,wallacejoshua@example.org
S0262,Stephanie Chavez,Clerk,Management,2021-02-15,xmatthews@example.org
S0263,Norma Maddox,Technician,Sales,2020-11-09,allison12@example.com
S0264,Karen Walker,Technician,Sales,2023-10-07,snixon@example.org
S0265,Sara Alvarado,Salesperson,Administration,2024-02-23,robertglass@example.com
S0266,Emily Downs,Clerk,Sales,2020-06-14,stephanie64@example.com
S0267,Joseph Ford,Salesperson,Administration,2021-01-04,bedwards@example.org
S0268,John Mason,Manager,Administration,2022-06-04,brucechad@example.net
S0269,Christopher Anderson,Clerk,Service,2023-02-08,margaret49@example.org
S0270,James Smith,Salesperson,Service,2023-03-13,tiffany46@example.net
S0271,Joshua Garrison,Clerk,Service,2023-02-18,fletcherchristopher@example.com
S0272,Shane Jackson,Clerk,Administration,2020-06-26,darius51@example.net
S0273,William Taylor,Salesperson,Sales,2020-09-21,mchavez@example.com
S0274,Larry Reyes,Technician,Service,2020-07-28,abigailschneider@example.net
S0275,Alicia Greer,Manager,Sales,2019-05-21,smithlauren@example.org
S0276,Kim Simmons,Technician,Service,2020-10-22,william54@example.net
S0277,Stephen Yates,Technician,Management,2021-12-28,brianking@example.org
S0278,Bianca Pittman,Technician,Service,2022-06-02,patrick93@example.com
S0279,Angela Thomas,Technician,Service,2019-03-28,paulwalker@example.org
S0280,Ronald Moore,Manager,Sales,2022-01-25,bryan28@example.org
S0281,Jeffrey Gill,Salesperson,Management,2023-12-24,gregoryparker@example.net
S0282,Russell Henderson,Technician,Management,2024-03-10,taralewis@example.org
S0283,Robert Klein,Salesperson,Management,2021-05-03,ineal@example.net
S0284,Tammy Coffey,Manager,Service,2022-04-25,ipoole@example.com
S0285,Edward Pacheco,Clerk,Management,2022-04-14,ttaylor@example.net
S0286,Philip Pierce,Manager,Management,2023-05-03,paulsimmons@example.org
S0287,Sarah Pennington,Technician,Service,2020-12-07,kevin18@example.org
S0288,Dr. Mark Griffith,Clerk,Management,2019-09-19,tony33@example.org
S0289,Brady Ali,Salesperson,Sales,2021-09-07,james03@example.net
S0290,Melissa Henderson,Technician,Administration,2023-07-11,hughesamy@example.net
S0291,Andrea Kennedy,Technician,Service,2021-01-27,gouldlawrence@example.net
S0292,Timothy Herrera,Clerk,Sales,2022-05-01,christopher70@example.net
S0293,Brett Fox,Technician,Sales,2021-05-23,nnguyen@example.net
S0294,Jared Smith,Technician,Management,2021-03-29,joshua94@example.org
S0295,Margaret Brown,Manager,Sales,2020-01-29,johnhernandez@example.com
S0296,John Gordon,Salesperson,Management,2020-08-30,kennethking@example.org
S0297,Derek Meyer,Technician,Service,2020-11-30,gonzalesheather@example.net
S0298,William Webb,Salesperson,Management,2021-05-09,kimberly27@example.net
S0299,Kathleen Hill,Salesperson,Service,2023-04-02,vbarrera@example.com
S0300,Greg Erickson,Manager,Sales,2020-04-19,yritter@example.net
S0301,Sabrina Jackson,Manager,Management,2021-11-27,adam49@example.com
S0302,Christopher Barton,Manager,Management,2021-02-13,rlee@example.net
S0303,Joseph Reed,Clerk,Management,2022-11-15,davismaria@example.org
S0304,Lucas Myers,Manager,Administration,2022-04-30,brianpaul@example.org
S0305,Joseph York,Manager,Management,2020-08-24,chapmankyle@example.org
S0306,Michael Mason,Clerk,Sales,2021-07-25,gloriamoreno@example.net
S0307,Angel Roth,Technician,Sales,2024-01-22,fletcherseth@example.org
S0308,Michael Greene,Clerk,Management,2023-07-15,pwalker@example.net
S0309,Steven Gonzalez,Technician,Administration,2022-07-03,rebeccasimpson@example.net
S0310,Valerie Mccoy,Clerk,Management,2019-04-02,harperjacob@example.org
S0311,Tina Holt,Salesperson,Administration,2019-09-26,aharris@example.net
S0312,Nathan James,Technician,Administration,2023-02-15,tuckerchristina@example.com
S0313,Kenneth Gross,Clerk,Administration,2022-11-14,dyerrodney@example.org
S0314,Autumn Marshall,Salesperson,Administration,2022-12-23,cheryl99@example.org
S0315,Christine Pena,Technician,Administration,2022-08-12,kelleywayne@example.net
S0316,Ronald Carr,Manager,Administration,2020-10-12,olivia80@example.com
S0317,Alyssa Larsen,Technician,Service,2022-02-28,morrisonwilliam@example.org
S0318,Michael Moreno,Manager,Management,2023-05-20,lcoleman@example.org
S0319,Jonathan Morton,Salesperson,Management,2020-01-16,youngralph@example.org
S0320,Christopher Jones,Manager,Service,2020-09-25,jacksonnicholas@example.com
S0321,Curtis Howard,Technician,Administration,2022-10-30,blackburnjeremiah@example.com
S0322,Christine Ortiz,Technician,Administration,2022-07-02,thomas28@example.com
S0323,Corey Thomas,Salesperson,Management,2022-07-28,riveradevon@example.com
S0324,Betty Brooks,Technician,Management,2023-02-27,tramirez@example.org
S0325,Rhonda Williams,Clerk,Sales,2023-11-11,daviddiaz@example.com
S0326,Pamela Morgan,Clerk,Administration,2023-07-12,heathercooper@example.org
S0327,Mr. Joseph Hendricks,Clerk,Management,2019-08-30,ericparker@example.net
S0328,Anthony Esparza,Salesperson,Service,2021-03-29,rochamichelle@example.com
S0329,Sharon Nunez,Technician,Service,2023-05-31,john76@example.org
S0330,Robert Anderson,Technician,Administration,2019-05-01,kimberlysmith@example.net
S0331,Vicki Harper,Clerk,Administration,2021-10-16,smithmelissa@example.org
S0332,Ashley Wallace,Clerk,Administration,2022-09-02,lbecker@example.com
S0333,Maria Jones,Salesperson,Service,2021-05-15,stephensjenna@example.net
S0334,Timothy Miller,Manager,Service,2021-09-03,justin98@example.org
S0335,Larry Mcbride,Manager,Sales,2023-04-17,michaelnewman@example.org
S0336,Michael Mendez,Manager,Service,2020-10-26,karen53@example.net
S0337,Mr. Eric Murphy DDS,Technician,Administration,2023-06-28,jesse57@example.org
S0338,Justin Gamble,Technician,Management,2024-02-27,wnewton@example.org
S0339,Melinda Sanford,Clerk,Service,2022-07-29,jameslong@example.com
S0340,April Medina,Manager,Administration,2020-09-21,zacharynicholson@example.net
S0341,Tamara Conrad,Clerk,Service,2023-11-21,leesara@example.net
S0342,Janet Harris,Clerk,Management,2022-07-21,zjohns@example.net
S0343,Jason Brown,Technician,Administration,2019-07-12,amanda32@example.com
S0344,Ronald Dunn,Manager,Management,2022-02-07,jamesphillips@example.org
S0345,Alexis Gonzalez,Manager,Service,2020-11-28,sward@example.net
S0346,Michael Cruz,Salesperson,Management,2023-10-31,bgross@example.com
S0347,Elizabeth Caldwell,Manager,Administration,2021-07-11,jesse47@example.com
S0348,Patricia Washington,Clerk,Sales,2020-05-14,jmitchell@example.com
S0349,Abigail Bishop,Clerk,Management,2020-12-24,gracelee@example.com
S0350,Shelby Jones,Clerk,Service,2023-09-27,mstark@example.net
S0351,Victor Schneider MD,Technician,Service,2021-06-25,michellechavez@example.net
S0352,Kevin Gilbert,Salesperson,Service,2019-06-30,michael86@example.com
S0353,Daniel Leon,Technician,Service,2022-03-30,vgill@example.net
S0354,Cynthia Armstrong,Manager,Service,2019-05-24,weissdavid@example.org
S0355,William Becker,Clerk,Management,2022-01-17,jeremiahweaver@example.com
S0356,Maria Rodriguez,Salesperson,Service,2021-01-06,nataliesnow@example.net
S0357,Jo Lopez MD,Manager,Management,2019-09-01,mjones@example.org
S0358,Linda Cameron,Manager,Sales,2021-05-03,ysimmons@example.org
S0359,Samuel Roberts,Clerk,Sales,2022-05-29,wagnerlisa@example.net
S0360,Roberto Bartlett,Technician,Administration,2022-01-09,brenda49@example.org
S0361,Debra Rodriguez,Clerk,Administration,2023-05-23,xestrada@example.org
S0362,Alicia Vasquez,Salesperson,Sales,2024-02-01,rosenicholas@example.com
S0363,Lauren Smith,Technician,Sales,2022-01-09,robert07@example.net
S0364,Heather Hampton,Clerk,Sales,2024-02-11,zandrade@example.net
S0365,Mandy Martinez,Salesperson,Management,2019-08-31,tfarmer@example.org
S0366,Andrew Peters,Manager,Service,2021-03-14,uclark@example.net
S0367,Tyler Jackson,Salesperson,Sales,2021-04-12,dbernard@example.com
S0368,Laura Brown,Salesperson,Service,2021-07-15,maldonadodebra@example.com
S0369,Rachael Adams,Salesperson,Service,2019-05-14,troy71@example.com
S0370,Jeanne Allen,Clerk,Sales,2020-11-23,martinheather@example.org
S0371,James Simpson,Technician,Sales,2020-06-14,toddhoward@example.com
S0372,Andrew Arellano,Clerk,Sales,2019-06-10,kimdavis@example.com
S0373,Ashley Soto,Manager,Sales,2019-11-28,kristierussell@example.net
S0374,Michael Sheppard,Clerk,Service,2019-12-15,bob33@example.com
S0375,Kevin Marshall,Salesperson,Management,2020-05-09,jack08@example.com
S0376,Roger Combs,Clerk,Administration,2019-09-13,christine45@example.com
S0377,Tyler Nielsen,Manager,Sales,2023-05-06,jenningsmorgan@example.org
S0378,Nicholas Cameron,Technician,Administration,2021-11-05,howelljessica@example.com
S0379,Marcus Jones,Manager,Service,2021-12-19,michael86@example.com
S0380,Molly Lewis,Technician,Sales,2022-11-26,michaeldillon@example.com
S0381,Tanya Green,Clerk,Management,2023-01-08,sherridavis@example.com
S0382,Frank Potts,Salesperson,Management,2023-01-29,shirley76@example.org
S0383,Mrs. Jessica Hamilton DDS,Technician,Service,2021-09-24,pmoran@example.org
S0384,Tammy Martin,Manager,Sales,2021-02-05,lisa06@example.com
S0385,Sara Roberts,Clerk,Management,2024-01-06,irobinson@example.org
S0386,Taylor Thomas,Technician,Sales,2022-03-15,hernandezjason@example.net
S0387,Jeffery Miller,Salesperson,Administration,2022-08-11,bmoore@example.com
S0388,Taylor Hunter,Clerk,Service,2020-11-15,dixonkevin@example.net
S0389,Amy Gilmore,Technician,Management,2022-12-26,millersue@example.org
S0390,John Wright,Technician,Sales,2020-11-16,mariorice@example.org
S0391,Brian Mccoy,Manager,Management,2021-07-17,bryandavis@example.net
S0392,Kara Petersen,Manager,Management,2019-10-14,cartertheresa@example.com
S0393,Devin Bright,Manager,Service,2020-06-30,mullinstim@example.net
S0394,Michelle Baker,Clerk,Service,2019-06-28,dickersonmichael@example.com
S0395,Andrew Williams,Salesperson,Management,2021-01-09,saraperez@example.org
S0396,Christina Underwood,Salesperson,Sales,2022-02-08,rodriguezamanda@example.org
S0397,Dennis Pruitt,Clerk,Service,2019-06-02,martinezrebecca@example.com
S0398,Brittany White,Salesperson,Management,2023-03-26,parkerjulie@example.com
S0399,James Ross,Manager,Administration,2023-10-04,ashleyprice@example.com
S0400,Sherry Jackson,Clerk,Management,2023-04-19,danielleedwards@example.com
S0401,Jim Padilla,Salesperson,Management,2024-03-13,williamscorey@example.org
S0402,William Martin,Manager,Service,2020-11-19,kdiaz@example.org
S0403,Lindsey Foster,Salesperson,Sales,2024-03-08,tstephenson@example.com
S0404,Jesus Tucker,Manager,Service,2022-10-06,carrie21@example.org
S0405,Carlos Levy,Manager,Service,2024-01-17,kelly47@example.net
S0406,John Tapia,Clerk,Management,2021-02-26,timothy24@example.com
S0407,Christine Ortiz,Clerk,Service,2023-08-07,meganhill@example.com
S0408,Larry Smith,Clerk,Administration,2019-07-21,carterjill@example.net
S0409,Julian Taylor,Salesperson,Management,2019-06-18,fhogan@example.net
S0410,Patrick Rodriguez,Manager,Service,2020-09-11,cartersarah@example.net
S0411,Kirk Ponce,Manager,Sales,2020-08-14,cynthiabrown@example.net
S0412,Peter Dyer,Technician,Service,2024-03-09,guerrerorose@example.net
S0413,Anthony Cook,Salesperson,Service,2022-02-15,hharris@example.com
S0414,Keith Avila,Salesperson,Administration,2023-03-12,randall65@example.com
S0415,Debra Johnson,Salesperson,Administration,2022-06-29,jennifer81@example.org
S0416,Lindsay Montoya,Manager,Management,2019-07-31,wilkinsanthony@example.com
S0417,Robert Soto,Clerk,Management,2020-05-05,chanemily@example.com
S0418,Colleen Crawford,Salesperson,Service,2019-07-24,lukepeters@example.org
S0419,Mark Lopez,Technician,Sales,2020-11-07,rojasbrandon@example.com
S0420,Desiree Taylor,Manager,Administration,2020-12-07,foxjimmy@example.com
S0421,Lindsey Davis,Manager,Management,2023-05-09,mhernandez@example.org
S0422,Justin Johnson,Technician,Sales,2021-12-27,ritteredward@example.org
S0423,Garrett Wagner,Manager,Sales,2021-06-12,baileymichael@example.org
S0424,Yolanda Williams,Clerk,Sales,2019-12-08,sarah12@example.org
S0425,Darrell Wilson,Salesperson,Sales,2024-02-13,smithmartha@example.net
S0426,Jamie Evans,Salesperson,Service,2022-03-09,vbarajas@example.org
S0427,Michelle Oneal,Clerk,Service,2021-06-26,melissajohnson@example.org
S0428,Amanda Smith,Technician,Administration,2024-02-28,edwardsnicholas@example.org
S0429,Ashley Miller,Clerk,Service,2019-09-14,lisafarmer@example.org
S0430,Stephanie Santiago,Manager,Service,2021-09-09,adam28@example.net
S0431,Paul Carroll,Salesperson,Service,2022-08-27,susanlong@example.com
S0432,Adam Benson,Salesperson,Administration,2022-09-12,haley57@example.net
S0433,Tiffany Russell,Clerk,Sales,2023-06-24,brandyholland@example.com
S0434,Jeffrey Doyle,Manager,Service,2022-04-14,dklein@example.net
S0435,Jerry Kline,Salesperson,Administration,2022-09-06,russellrobert@example.net
S0436,Albert Kim,Manager,Administration,2022-09-18,rjackson@example.net
S0437,Kim Day,Salesperson,Management,2021-11-13,lgreene@example.net
S0438,James Garcia,Technician,Administration,2024-03-07,caleb28@example.com
S0439,Kristina Chavez,Technician,Sales,2021-08-05,andreacarter@example.net
S0440,Erika Washington,Clerk,Sales,2021-06-14,ellen01@example.net
S0441,Daniel Shea,Manager,Administration,2022-12-27,samuel24@example.org
S0442,Gregory Cox,Technician,Administration,2023-03-03,hsmall@example.net
S0443,Brian Cobb,Manager,Administration,2022-11-29,michael19@example.com
S0444,Sherry Gray,Technician,Administration,2022-11-18,goldenfernando@example.org
S0445,Luis Anderson,Salesperson,Management,2020-05-13,myates@example.com
S0446,Robert Pearson,Clerk,Service,2020-07-11,teresaperry@example.com
S0447,Andrew Romero,Manager,Management,2021-02-18,isingleton@example.org
S0448,Nathan Mayer,Manager,Service,2019-06-06,anthony63@example.net
S0449,Jonathan Livingston,Salesperson,Sales,2021-02-23,karen69@example.net
S0450,Stephen Baker,Clerk,Management,2019-11-09,jamesallen@example.org
S0451,John Johnson,Clerk,Administration,2022-11-30,ajohnson@example.org
S0452,Christina Gomez,Manager,Service,2022-06-11,patriciarandall@example.org
S0453,Micheal Smith,Technician,Management,2020-12-21,dawntaylor@example.com
S0454,Madison Lowe,Manager,Sales,2020-11-19,lsnyder@example.org
S0455,Dr. Gregory Ayers,Manager,Management,2022-11-18,lyonsjoseph@example.org
S0456,Veronica Warren,Technician,Sales,2021-07-25,emma48@example.com
S0457,Mrs. Jocelyn Orozco,Manager,Management,2020-09-27,mitchellwalker@example.org
S0458,Bryce Mercer,Clerk,Administration,2023-01-23,tamarahernandez@example.net
S0459,Pamela Elliott,Technician,Management,2022-09-09,millerrenee@example.com
S0460,Kimberly Orr,Manager,Administration,2022-04-15,harrisregina@example.com
S0461,James Kirby,Manager,Sales,2022-05-31,rothjean@example.com
S0462,Sherry Kim,Clerk,Management,2023-10-11,larrymitchell@example.org
S0463,Michele Clark,Manager,Management,2022-08-24,brandonbarnett@example.net
S0464,Jessica Kennedy,Salesperson,Management,2023-03-23,vbaker@example.net
S0465,Beth Sanders,Salesperson,Sales,2022-12-17,seanbishop@example.org
S0466,Chelsea Brown,Technician,Administration,2021-05-26,jessica89@example.com
S0467,Keith Taylor,Manager,Service,2021-10-14,jennifercolon@example.net
S0468,Perry Leonard,Salesperson,Administration,2019-06-10,glenn92@example.org
S0469,Timothy Campbell,Technician,Management,2023-07-16,sara38@example.com
S0470,Matthew Stephens,Salesperson,Management,2019-09-01,kelly43@example.org
S0471,Jennifer Douglas,Manager,Management,2022-05-29,carl81@example.net
S0472,Joshua Porter,Technician,Sales,2022-09-12,jvelazquez@example.com
S0473,Amanda Hill,Clerk,Administration,2020-01-09,julianglenn@example.net
S0474,Joe Austin,Salesperson,Sales,2019-11-07,jallen@example.org
S0475,Michelle Spears,Salesperson,Administration,2021-04-09,cuevasryan@example.org
S0476,Gregory Steele,Technician,Management,2019-06-27,sandra39@example.org
S0477,Misty Robertson,Salesperson,Management,2022-07-06,howardshari@example.net
S0478,Nicole Davis,Clerk,Service,2022-02-18,taylorwillie@example.com
S0479,Cody Moore,Salesperson,Administration,2021-10-20,madelineschneider@example.org
S0480,George Hill,Salesperson,Service,2021-02-11,juliahenry@example.net
S0481,Mr. David Pollard,Technician,Service,2023-06-12,vhendricks@example.org
S0482,Lisa Ross,Salesperson,Administration,2019-12-07,freyalejandro@example.net
S0483,Nicholas Romero,Clerk,Administration,2022-04-05,shelleyjones@example.net
S0484,Leslie Stark,Salesperson,Service,2020-07-07,william67@example.com
S0485,Billy Miller,Salesperson,Service,2022-04-02,martincollin@example.org
S0486,Ryan Brooks,Manager,Sales,2023-06-07,sonya14@example.com
S0487,Michael Reyes,Clerk,Administration,2020-05-07,vcastro@example.com
S0488,Lawrence Campos,Salesperson,Administration,2020-12-17,fitzgeraldjason@example.org
S0489,Earl Garcia,Clerk,Service,2021-06-14,williammyers@example.com
S0490,Amber Brown,Manager,Management,2022-10-08,mccarthyrichard@example.com
S0491,James Bowen,Manager,Service,2020-05-27,donald04@example.net
S0492,Holly Rowe,Salesperson,Sales,2021-05-30,ballardalicia@example.org
S0493,Larry Anderson,Manager,Management,2022-10-18,staffordcatherine@example.org
S0494,Savannah Allen,Salesperson,Sales,2023-03-15,zclark@example.com
S0495,Shannon Williams,Technician,Service,2024-01-22,ncollins@example.com
S0496,Cheryl Lyons,Salesperson,Sales,2022-06-28,murraybrandon@example.org
S0497,Jacqueline Pham,Clerk,Sales,2022-01-21,hyoung@example.org
S0498,John Rich,Manager,Service,2024-02-11,alexanderwilliam@example.com
S0499,Gerald Ali,Manager,Management,2023-03-07,garciadawn@example.org
S0500,Mr. Robert Johns,Manager,Administration,2020-09-01,samanthasmith@example.net
S0501,James Rodriguez,Salesperson,Management,2021-04-20,yjames@example.net
S0502,Amy Davis,Clerk,Administration,2022-11-11,markhaynes@example.org
S0503,Katrina Jones,Salesperson,Management,2019-10-17,anne88@example.net
S0504,Alicia Jennings,Clerk,Service,2022-07-31,ymoody@example.com
S0505,Keith Jackson,Clerk,Service,2019-04-12,beverlyanthony@example.org
S0506,David Evans,Technician,Service,2020-03-07,ruben62@example.net
S0507,Maria Miles,Clerk,Service,2021-02-19,shannonwhite@example.org
S0508,Alexandra Roberts,Clerk,Sales,2022-09-20,rhondareed@example.net
S0509,Lori Hernandez,Technician,Administration,2023-10-23,michaelzamora@example.net
S0510,Dawn Bonilla,Salesperson,Service,2019-10-24,liumelanie@example.net
S0511,Troy Bradley,Technician,Management,2022-07-23,gking@example.org
S0512,James Henry,Salesperson,Sales,2020-09-05,jking@example.com
S0513,John Stevens,Clerk,Service,2023-03-10,sarah71@example.org
S0514,Zachary Hill,Manager,Administration,2019-03-26,npollard@example.net
S0515,Corey Mendez,Technician,Administration,2019-10-15,donald07@example.com
S0516,Nancy Campbell,Clerk,Sales,2022-06-09,kpatterson@example.net
S0517,Lisa Haynes,Manager,Service,2019-12-15,jenningsrhonda@example.net
S0518,Jacqueline Kim,Manager,Service,2021-11-26,cclark@example.org
S0519,Timothy Parker,Clerk,Administration,2021-06-30,kperkins@example.net
S0520,William Goodman,Clerk,Administration,2023-05-05,dale35@example.net
S0521,Jaime Hutchinson,Technician,Sales,2022-12-14,matthew84@example.com
S0522,Tanner Crawford,Clerk,Administration,2022-11-06,kari14@example.net
S0523,Stephen Robinson,Manager,Management,2022-04-16,kelliburch@example.com
S0524,Deanna Walsh,Salesperson,Sales,2019-12-28,bellsara@example.com
S0525,Ronnie Martinez,Clerk,Administration,2021-03-19,penasherry@example.org
S0526,Karen Ramirez,Salesperson,Management,2021-12-28,uwilliams@example.com
S0527,Keith Gonzalez,Manager,Sales,2021-08-26,pattersontony@example.org
S0528,Brian Duke,Manager,Service,2020-06-29,toddfrye@example.org
S0529,Dr. Melissa Torres,Technician,Administration,2020-09-25,williamschristopher@example.org
S0530,Angel Schmidt,Salesperson,Administration,2023-10-04,lharrington@example.org
S0531,Jennifer Johnston,Clerk,Management,2019-08-14,sharon03@example.net
S0532,Andrea Jacobson,Clerk,Administration,2019-05-06,monicadunn@example.com
S0533,John Bowman,Manager,Administration,2023-02-08,lisa87@example.com
S0534,Kristy Wilson,Technician,Service,2023-11-16,tclements@example.com
S0535,Heather Leonard,Technician,Sales,2019-06-23,sarahreynolds@example.net
S0536,David King,Manager,Sales,2024-02-17,austinrichardson@example.com
S0537,Christopher Sparks,Manager,Administration,2021-02-12,lorimorgan@example.com
S0538,Martin Boyd,Manager,Sales,2021-02-13,carlywilliams@example.com
S0539,Alan Forbes,Salesperson,Administration,2020-10-10,sarahduran@example.net
S0540,Jesse Buck,Clerk,Administration,2019-09-06,kimberlydaniels@example.com
S0541,Amanda Morales,Technician,Administration,2022-12-04,meagan95@example.com
S0542,Melissa Pratt,Salesperson,Administration,2019-10-10,hmartin@example.com
S0543,Ann Gonzalez,Salesperson,Management,2022-02-08,obrienlisa@example.com
S0544,Hannah Smith,Technician,Service,2023-11-16,jonathanjackson@example.net
S0545,Danielle Diaz,Technician,Management,2020-08-29,andersonchristopher@example.net
S0546,Phillip Reyes,Clerk,Administration,2019-10-15,charles54@example.net
S0547,Stephen Craig,Manager,Administration,2021-09-16,haysdaniel@example.com
S0548,Patricia Perry,Clerk,Administration,2023-04-26,tbryan@example.net
S0549,Jennifer Richmond,Technician,Management,2020-05-19,phill@example.org
S0550,Frank Reyes,Salesperson,Administration,2020-01-29,krista62@example.org
S0551,Megan Newman,Technician,Service,2019-06-30,cynthia66@example.net
S0552,Ashley Hardy,Technician,Sales,2020-06-06,pchavez@example.org
S0553,Raymond Mahoney,Salesperson,Sales,2023-07-01,kylebowers@example.net
S0554,Teresa Andrews,Manager,Service,2020-05-19,bensonmatthew@example.com
S0555,Eric Hanson,Technician,Management,2022-05-20,barbara17@example.org
S0556,Kristen Morrison,Salesperson,Administration,2022-04-17,dean66@example.org
S0557,Alexandra Jenkins,Clerk,Sales,2019-03-28,patriciamiller@example.com
S0558,Shelley Pena,Salesperson,Service,2023-08-05,gkelly@example.com
S0559,Peter Brown,Clerk,Administration,2021-06-15,smithbrittney@example.com
S0560,Amy Hickman,Manager,Service,2022-10-04,ashley11@example.com
S0561,Jennifer Gomez,Salesperson,Administration,2020-08-01,wilsonkathleen@example.org
S0562,Lee Marshall,Salesperson,Service,2021-10-23,angelapark@example.org
S0563,Sean Franklin,Technician,Sales,2019-10-23,kimberly37@example.net
S0564,Chad Meadows,Technician,Management,2020-11-23,stephen81@example.org
S0565,Ashley Hurst,Technician,Service,2024-02-13,ayalamichael@example.org
S0566,Michael Robinson,Technician,Service,2019-12-26,anthonymurillo@example.org
S0567,Zachary Richardson,Clerk,Sales,2021-02-09,brownmark@example.net
S0568,Robert Ramirez PhD,Manager,Management,2022-10-11,wrightheather@example.net
S0569,Nicholas Briggs,Manager,Sales,2021-01-02,amandacarter@example.com
S0570,Karen Aguirre,Salesperson,Management,2024-01-10,gregory38@example.net
S0571,Pamela Stewart,Manager,Sales,2021-08-21,hpratt@example.net
S0572,William Salas,Salesperson,Service,2021-07-16,lperry@example.com
S0573,Adam Mann,Manager,Service,2022-09-12,jonathan72@example.com
S0574,Jennifer Mcgrath,Clerk,Administration,2019-12-17,josephwood@example.org
S0575,Zachary Reed,Clerk,Sales,2021-10-30,dylanvaughan@example.com
S0576,Linda Hurley,Clerk,Management,2023-04-21,leachjohnathan@example.net
S0577,Emily Wilson,Clerk,Sales,2023-11-25,qflynn@example.net
S0578,Michael Holland,Clerk,Sales,2020-02-12,stephensmith@example.com
S0579,Jessica Cardenas,Clerk,Administration,2024-03-01,danielbonilla@example.org
S0580,Andrew Patton,Manager,Sales,2021-05-29,samantha34@example.net
S0581,Ricky Henry,Technician,Service,2019-08-14,wgordon@example.com
S0582,Ryan Hoover,Manager,Service,2023-07-26,karen51@example.org
S0583,Lisa Lewis,Salesperson,Management,2023-01-03,ilopez@example.org
S0584,Mitchell Roy,Salesperson,Service,2024-01-01,andersonmichael@example.net
S0585,Tyler Carter,Salesperson,Sales,2020-11-16,david02@example.com
S0586,Anna Charles,Clerk,Management,2019-05-25,pamelaevans@example.com
S0587,Kevin Cox,Salesperson,Service,2020-07-29,crystal97@example.org
S0588,Sheryl Miller,Manager,Sales,2023-03-11,kristen96@example.com
S0589,Megan Anderson,Clerk,Management,2022-02-23,shaunnorton@example.net
S0590,William Morgan,Salesperson,Sales,2023-03-17,samuelheath@example.com
S0591,Randall Beck,Salesperson,Sales,2020-09-10,gutierreztracy@example.org
S0592,Alexis Hart,Salesperson,Service,2021-01-19,xayers@example.net
S0593,Miranda Jones,Manager,Sales,2021-03-19,philipwalker@example.com
S0594,Robert Stewart,Clerk,Management,2019-06-02,xnolan@example.com
S0595,Maureen Jones,Technician,Management,2019-11-13,tjones@example.com
S0596,Elizabeth Mccoy,Clerk,Sales,2023-08-18,nortiz@example.com
S0597,Lynn Jones,Technician,Administration,2022-07-01,amanda56@example.com
S0598,Patricia Perez,Clerk,Service,2023-09-09,samantha37@example.net
S0599,Joseph Dickerson,Technician,Management,2022-10-17,stephen33@example.net
S0600,Ricky Hull,Manager,Service,2020-07-13,nicolenguyen@example.net
S0601,Jordan Contreras,Salesperson,Service,2022-03-05,gsmith@example.org
S0602,Donald Green,Manager,Service,2022-07-30,irivera@example.com
S0603,Jerome Jones,Salesperson,Service,2024-01-27,nsilva@example.org
S0604,Vanessa Byrd,Technician,Service,2023-01-26,emilycameron@example.org
S0605,Gloria Phillips,Technician,Administration,2020-08-07,uochoa@example.com
S0606,Mackenzie Mcintosh,Technician,Service,2023-01-03,nharris@example.org
S0607,Aaron Carter,Manager,Management,2022-09-15,susan53@example.net
S0608,Shirley Mcbride,Manager,Management,2023-04-04,charlesmartin@example.net
S0609,Kathryn Turner,Manager,Sales,2022-09-02,stoutalexander@example.com
S0610,Jeffrey Young,Salesperson,Administration,2020-12-08,joshuacurry@example.org
S0611,Andrew Clark,Technician,Sales,2023-12-29,christopher34@example.org
S0612,Ryan Cohen,Salesperson,Service,2023-04-23,daniel38@example.org
S0613,Matthew Jennings,Clerk,Management,2020-02-17,alexander49@example.org
S0614,Paige Jones,Manager,Management,2020-09-08,petervaughan@example.net
S0615,Jennifer Quinn,Technician,Service,2021-03-09,shawn65@example.com
S0616,Andrew Lowe,Clerk,Management,2023-02-27,tbrown@example.net
S0617,Matthew Rogers,Clerk,Administration,2023-04-27,marcusmendez@example.org
S0618,Joy Adams,Salesperson,Management,2023-05-03,mnovak@example.com
S0619,Michael Ibarra,Manager,Service,2022-05-27,marcus35@example.org
S0620,Melanie Davila,Manager,Administration,2020-06-21,christopher70@example.net
S0621,Wayne Hill,Manager,Sales,2020-10-13,sydneyduarte@example.com
S0622,Stephen Davis,Clerk,Sales,2020-07-16,theresaruiz@example.com
S0623,Clifford Stanton,Clerk,Service,2021-06-09,cathyjones@example.net
S0624,Jennifer Andrews,Technician,Sales,2019-06-19,marvin05@example.com
S0625,Eduardo Bowers,Manager,Sales,2023-02-13,akirk@example.net
S0626,Allison Smith,Technician,Sales,2022-12-04,sarahsolis@example.com
S0627,Cynthia Perry,Technician,Administration,2020-06-02,matthewwang@example.net
S0628,Renee Russell,Technician,Service,2023-02-10,campbelldouglas@example.net
S0629,Sharon Mcintyre,Technician,Management,2022-03-27,gbrock@example.net
S0630,Julie Berry,Technician,Administration,2019-06-23,haasgary@example.net
S0631,Mrs. Theresa Gonzalez,Manager,Service,2019-10-21,dominic87@example.net
S0632,Jamie Jackson,Salesperson,Administration,2023-02-08,kylesanchez@example.com
S0633,Sheri Simon,Manager,Sales,2019-10-29,rwilson@example.net
S0634,Duane Patterson,Salesperson,Service,2023-05-19,kristencummings@example.com
S0635,William Smith,Technician,Administration,2023-03-01,cwhite@example.org
S0636,Robert Cruz,Technician,Management,2023-12-06,james16@example.net
S0637,Victoria Hamilton,Salesperson,Administration,2024-03-04,tanderson@example.org
S0638,Michael Hurst,Technician,Service,2020-05-29,lisa32@example.net
S0639,Jared Thomas,Technician,Sales,2022-01-07,adam24@example.org
S0640,Ryan Bauer,Manager,Service,2020-06-29,ruiztiffany@example.org
S0641,Andrew Parker,Clerk,Sales,2019-08-08,robinscott@example.com
S0642,Krista Manning,Clerk,Administration,2021-01-12,wlewis@example.org
S0643,Michael Lee,Technician,Sales,2023-04-24,patrick79@example.org
S0644,Eric Austin,Salesperson,Service,2019-10-16,allison85@example.net
S0645,Valerie Yang,Clerk,Service,2020-01-04,andrew98@example.org
S0646,Andrew Melendez,Salesperson,Service,2020-04-13,stevensonandrew@example.com
S0647,Sabrina Mcgee,Clerk,Service,2022-06-03,iphillips@example.com
S0648,Wendy Barron,Technician,Service,2023-03-11,hmartin@example.net
S0649,Maria Farmer,Technician,Sales,2020-07-21,johnsonbobby@example.org
S0650,Shannon Sherman,Clerk,Administration,2019-08-05,vchase@example.org
S0651,Paige Hunter,Clerk,Service,2019-11-09,lori60@example.org
S0652,Aaron Smith,Manager,Service,2021-02-19,uramsey@example.com
S0653,Timothy Berger,Manager,Sales,2024-03-05,clarkemarc@example.net
S0654,Katelyn Wilkins,Salesperson,Administration,2021-10-15,guerraeric@example.net
S0655,Aaron Smith,Manager,Sales,2022-11-01,joesullivan@example.net
S0656,Katelyn Hall,Manager,Service,2021-06-05,mmorris@example.com
S0657,Mr. William Stevenson Jr.,Clerk,Sales,2020-12-09,thomas02@example.net
S0658,Diane Cruz,Salesperson,Administration,2019-07-22,mistyjacobs@example.com
S0659,Jessica Harrell,Salesperson,Administration,2019-09-13,mcneildana@example.net
S0660,Keith Brown,Clerk,Sales,2019-08-22,jonathanhernandez@example.org
S0661,James Long,Clerk,Management,2023-10-03,daniel59@example.org
S0662,Stephen Edwards,Salesperson,Sales,2021-02-12,allisonyoung@example.org
S0663,Katrina Flynn,Clerk,Management,2023-12-08,xturner@example.com
S0664,Fernando Hanson,Salesperson,Sales,2023-11-16,scottnicholas@example.org
S0665,Karen Bell,Manager,Administration,2022-07-20,michelle43@example.net
S0666,David Rodriguez,Manager,Management,2023-09-09,lgibson@example.com
S0667,Chad Matthews,Salesperson,Administration,2019-05-06,morriskevin@example.net
S0668,Christopher Gordon,Salesperson,Administration,2020-02-19,simpsonrobert@example.org
S0669,Matthew Turner,Technician,Administration,2023-11-24,llane@example.com
S0670,Kevin Cisneros,Clerk,Service,2022-08-26,smason@example.org
S0671,Anthony Mooney,Salesperson,Service,2020-08-02,lvaldez@example.net
S0672,Adam Allen,Manager,Management,2021-09-03,phansen@example.com
S0673,Paul Peterson,Clerk,Service,2019-12-14,keithkyle@example.com
S0674,Joseph Ross,Clerk,Management,2021-12-06,kaylalee@example.org
S0675,Carly Johnson,Manager,Administration,2020-09-23,ijohnson@example.com
S0676,David Ross,Clerk,Management,2023-03-25,bishopemily@example.com
S0677,Crystal Noble,Salesperson,Service,2021-12-23,yrobinson@example.com
S0678,Alisha Carter,Technician,Sales,2022-10-08,jefferywolfe@example.com
S0679,Evelyn Thomas,Technician,Sales,2022-07-03,joannablake@example.com
S0680,Julie Shaw,Salesperson,Administration,2023-09-06,gbeck@example.com
S0681,Megan Cowan,Salesperson,Administration,2021-04-25,umorgan@example.com
S0682,Christina Richardson,Manager,Management,2023-01-26,russellrodgers@example.net
S0683,Aaron Dennis,Salesperson,Management,2020-02-11,carrollroberto@example.org
S0684,Hannah Patel,Manager,Administration,2022-08-31,christy71@example.org
S0685,Alison Morris,Salesperson,Administration,2020-01-17,vjones@example.org
S0686,Manuel Cochran,Salesperson,Sales,2020-12-22,xjarvis@example.com
S0687,Andre Pham,Clerk,Management,2023-12-23,wchavez@example.org
S0688,Elizabeth Mathis,Manager,Service,2023-05-06,gilestiffany@example.org
S0689,Caitlyn Harmon,Clerk,Service,2020-09-09,ejensen@example.net
S0690,Richard Mitchell,Technician,Sales,2021-01-14,kramirez@example.com
S0691,Devin Smith,Technician,Administration,2023-03-02,wmcneil@example.net
S0692,Robert Peterson,Salesperson,Service,2022-11-04,kelly83@example.org
S0693,Travis Thompson,Technician,Service,2021-05-21,tmay@example.net
S0694,Matthew Fields,Salesperson,Management,2022-01-05,ashleymason@example.com
S0695,Mario Newton,Manager,Service,2022-06-30,anna66@example.net
S0696,Carrie Leblanc,Clerk,Service,2022-05-29,spencerthornton@example.org
S0697,Alexander Lowe,Salesperson,Service,2023-02-18,james35@example.org
S0698,Kaitlyn Martin,Technician,Service,2021-02-04,chasevirginia@example.org
S0699,Dakota Liu,Technician,Service,2022-02-01,peter59@example.org
S0700,Alexander Wright,Clerk,Management,2020-03-21,kimmorgan@example.com
S0701,William Wallace,Salesperson,Service,2019-04-29,jcooper@example.com
S0702,Jennifer Simpson,Salesperson,Sales,2023-10-17,kristenreid@example.org
S0703,Connie Mitchell,Manager,Sales,2023-10-09,duane93@example.net
S0704,Mr. Derek Mitchell,Technician,Management,2019-06-02,robinpearson@example.com
S0705,Holly Young,Salesperson,Sales,2023-02-24,robert59@example.com
S0706,Michael Rojas,Manager,Service,2019-10-29,byrdjeremy@example.com
S0707,Adam Osborne,Manager,Service,2020-09-28,josephbarker@example.com
S0708,Jill Anderson,Technician,Administration,2019-11-10,justin82@example.org
S0709,Damon Cox,Clerk,Administration,2019-11-16,joydaniel@example.com
S0710,Stephen Johnson,Salesperson,Sales,2023-12-11,cheryl00@example.com
S0711,Christopher Flynn,Technician,Service,2021-06-03,sbenjamin@example.org
S0712,Christine Allen,Salesperson,Management,2020-05-26,bauertara@example.net
S0713,Alison Silva,Salesperson,Service,2023-06-28,pattysalas@example.net
S0714,Tyrone Steele,Manager,Administration,2020-01-04,martinjessica@example.net
S0715,Kristin Cook,Manager,Sales,2021-07-10,valeriesullivan@example.net
S0716,Craig Watson,Technician,Service,2021-05-15,garciadana@example.net
S0717,Grace Edwards,Technician,Sales,2020-05-03,smithtina@example.org
S0718,Susan George,Clerk,Administration,2023-06-03,samanthajones@example.com
S0719,Frank Pearson,Manager,Service,2020-04-30,cynthia91@example.org
S0720,Justin Ford,Clerk,Service,2023-10-24,lisahenderson@example.com
S0721,Kristin Jacobs,Manager,Service,2021-04-19,gileslorraine@example.net
S0722,Caleb Wilson,Technician,Administration,2024-03-19,astephens@example.org
S0723,Daniel Avery,Manager,Management,2021-04-09,woodchristopher@example.net
S0724,Connie Oneal,Manager,Administration,2023-03-16,teresaparker@example.net
S0725,Nicole Garcia,Clerk,Administration,2019-08-12,thomassmith@example.org
S0726,Margaret Murillo,Salesperson,Management,2023-03-11,cathyanderson@example.net
S0727,Amanda Wagner,Clerk,Service,2022-10-20,hjohnson@example.com
S0728,Kimberly Massey,Manager,Service,2021-06-21,richard19@example.net
S0729,Rebecca Dorsey,Salesperson,Management,2019-08-17,keithedwards@example.com
S0730,Gilbert Lewis,Salesperson,Management,2022-08-10,bondtara@example.com
S0731,Crystal Lewis,Clerk,Sales,2020-05-10,fosterkim@example.org
S0732,Christopher Ochoa,Clerk,Sales,2019-09-06,hayley26@example.com
S0733,Jonathan Mcintyre,Salesperson,Sales,2023-09-07,lauren53@example.com
S0734,Natalie Downs,Manager,Administration,2020-09-28,psutton@example.org
S0735,Cynthia Wilson,Salesperson,Sales,2019-10-02,christopherstone@example.net
S0736,Stephanie Jacobs,Salesperson,Management,2020-02-25,ortegachristopher@example.org
S0737,Jeffrey Schneider,Salesperson,Sales,2023-09-08,dennisboyle@example.org
S0738,Derrick Miller,Manager,Management,2020-01-17,rmolina@example.org
S0739,Kelsey Sanders,Technician,Administration,2023-10-02,amiller@example.net
S0740,Nancy Clarke,Salesperson,Management,2020-08-29,dustin31@example.net
S0741,Michelle Stevens,Technician,Sales,2019-12-24,tchavez@example.net
S0742,Jaclyn Bentley,Technician,Sales,2023-09-26,janecollins@example.com
S0743,Andrew Warren,Clerk,Administration,2020-11-05,christopher43@example.net
S0744,Karina Carter,Clerk,Sales,2022-01-26,pamelaross@example.org
S0745,Sierra Joseph,Manager,Administration,2021-12-09,lisa63@example.net
S0746,Tina Larson,Salesperson,Administration,2020-12-01,williamsjamie@example.com
S0747,Thomas Duarte,Technician,Service,2024-01-06,wilkinsjay@example.net
S0748,Barbara Williams,Manager,Management,2020-04-04,dakota50@example.org
S0749,Jamie Mcdonald,Manager,Sales,2024-02-07,goodandrea@example.org
S0750,Matthew Pace,Manager,Sales,2023-06-25,kluna@example.org
S0751,Joshua Adkins,Technician,Service,2022-12-02,tami29@example.net
S0752,Martha Olson,Clerk,Management,2020-09-06,ryantina@example.net
S0753,Jon Young,Technician,Management,2019-06-29,randyhumphrey@example.net
S0754,James Jordan,Technician,Sales,2022-01-19,timothyjimenez@example.net
S0755,Christopher Frost,Technician,Management,2023-09-02,hicksallison@example.org
S0756,Jenna Perez,Clerk,Sales,2020-05-31,yhicks@example.org
S0757,Crystal Wilson,Manager,Service,2022-03-03,julian98@example.org
S0758,Julia Martinez,Salesperson,Administration,2019-11-29,alexsalinas@example.org
S0759,Gary Spencer,Manager,Management,2021-07-17,brandonhall@example.org
S0760,Daniel Aguirre,Technician,Administration,2024-02-29,reneechavez@example.org
S0761,Matthew Miller,Salesperson,Sales,2023-08-18,thomas34@example.org
S0762,Andrew Davis,Technician,Management,2019-05-06,anne38@example.org
S0763,Alicia Anderson,Manager,Management,2023-02-14,francisco68@example.com
S0764,Jason Roberts,Clerk,Management,2022-11-25,cannonsarah@example.net
S0765,Kim Jackson,Clerk,Administration,2023-05-27,fostermichael@example.org
S0766,Shirley Wagner,Salesperson,Administration,2021-12-29,cisnerosamanda@example.com
S0767,Amy Castro,Manager,Service,2023-10-23,danielsims@example.org
S0768,Larry Wells,Manager,Management,2022-12-18,brucebowman@example.org
S0769,Christopher Howe,Clerk,Administration,2022-08-02,adamsuarez@example.com
S0770,Jacob Barnes,Salesperson,Management,2023-09-06,reedmichael@example.com
S0771,Brian Dalton,Salesperson,Management,2021-02-01,cynthiasmith@example.com
S0772,Cassandra Padilla,Clerk,Sales,2023-11-16,sanchezmatthew@example.org
S0773,Sharon Harrison,Clerk,Sales,2024-03-10,larrylyons@example.com
S0774,Jennifer Ortega,Manager,Administration,2020-05-23,donaldhensley@example.net
S0775,Hannah Hawkins,Technician,Administration,2021-07-09,duncanmichael@example.org
S0776,Nicole Merritt,Salesperson,Sales,2020-09-10,hudsonjoseph@example.com
S0777,Allen Bailey,Clerk,Service,2019-04-20,stefanielittle@example.org
S0778,Autumn Jenkins,Salesperson,Sales,2019-03-23,wscott@example.net
S0779,Douglas Cunningham,Manager,Administration,2020-01-13,miguel96@example.com
S0780,Stephen Thomas,Salesperson,Sales,2020-11-25,lynchpatricia@example.net
S0781,Todd Bass,Clerk,Management,2024-03-13,maryjoseph@example.org
S0782,Kara Williams,Manager,Service,2024-02-01,haley68@example.net
S0783,Jeffrey Garcia,Clerk,Sales,2021-01-11,michael77@example.net
S0784,Alexander Hawkins,Manager,Administration,2021-05-10,joe47@example.com
S0785,Phillip Hughes,Clerk,Management,2022-04-20,icantu@example.org
S0786,Belinda Moore,Manager,Management,2022-06-09,obrienjoy@example.com
S0787,James Castro,Salesperson,Service,2020-10-12,robinhowell@example.com
S0788,Scott Morris,Clerk,Administration,2023-11-30,donaldowens@example.net
S0789,Erika Thompson,Clerk,Service,2024-01-30,jacksondiane@example.com
S0790,Stephanie Reyes,Technician,Management,2020-12-12,jacobbrooks@example.net
S0791,Eugene Graham,Manager,Service,2022-09-13,awilson@example.net
S0792,Destiny Davis,Clerk,Administration,2022-04-25,btaylor@example.org
S0793,Gregory Barnes,Salesperson,Management,2022-09-22,joseph87@example.org
S0794,Katie Jackson,Salesperson,Service,2019-10-30,anna67@example.org
S0795,Felicia Pratt,Salesperson,Management,2023-09-16,paul32@example.com
S0796,Luis Sawyer,Manager,Service,2024-02-13,kathryn15@example.com
S0797,Mr. Chad Wagner DVM,Clerk,Administration,2023-05-09,thomaslin@example.org
S0798,Amy Sanchez,Clerk,Sales,2023-04-16,judithball@example.com
S0799,Sydney Murray,Technician,Management,2021-05-08,katelynburch@example.com
S0800,Hector Flores,Manager,Administration,2023-08-11,meghan97@example.net
S0801,Ashley Long,Technician,Administration,2020-12-30,bjacobs@example.org
S0802,Jordan Jimenez,Clerk,Management,2021-01-24,melissa68@example.org
S0803,Michael Harris MD,Technician,Administration,2023-09-01,tanyagarcia@example.com
S0804,Anna Romero,Technician,Administration,2023-04-06,taylor05@example.net
S0805,Kara Jensen,Manager,Administration,2021-12-15,jgilmore@example.com
S0806,James Flowers,Manager,Service,2023-10-27,nicholasperez@example.org
S0807,Christopher Francis,Salesperson,Management,2023-05-20,emilywood@example.com
S0808,Christopher Collins,Clerk,Management,2021-06-10,rogersanthony@example.com
S0809,David Soto,Clerk,Service,2019-06-17,matthewhiggins@example.org
S0810,Bryce Crawford,Manager,Management,2021-10-29,courtney35@example.com
S0811,Grace Williams,Technician,Service,2022-09-08,ktodd@example.net
S0812,Charles Church,Technician,Sales,2021-03-02,dlane@example.org
S0813,Eric Small,Clerk,Management,2023-10-17,mhughes@example.net
S0814,Zachary Harris,Manager,Management,2020-11-27,brandon17@example.net
S0815,Rebecca Baker,Technician,Management,2021-01-08,delgadochristine@example.com
S0816,Carrie Hodges,Technician,Sales,2023-03-18,hudsonjulie@example.com
S0817,Manuel Miller,Salesperson,Management,2022-11-02,keith03@example.com
S0818,Erika Lewis,Salesperson,Management,2022-09-25,zrichardson@example.net
S0819,Tracey Russell,Technician,Management,2021-06-01,matthewdawson@example.com
S0820,Amy Burns,Manager,Service,2021-06-08,urogers@example.org
S0821,Natasha Reid,Manager,Sales,2022-05-01,christopher47@example.com
S0822,Michael Parker,Manager,Sales,2020-07-09,dale64@example.org
S0823,Bruce Huerta,Manager,Sales,2021-01-30,stevebradley@example.com
S0824,Christopher Carroll,Salesperson,Administration,2019-08-01,rachelwoods@example.com
S0825,Robert Smith,Salesperson,Service,2021-07-23,xruiz@example.com
S0826,Ann Ayala,Manager,Administration,2021-01-11,joseph93@example.org
S0827,Brittney Gonzalez,Technician,Management,2021-07-08,kristin49@example.com
S0828,Dustin Sanchez,Manager,Sales,2021-01-22,dale93@example.com
S0829,Brian Humphrey,Manager,Administration,2022-01-06,murraydarlene@example.org
S0830,Holly Murray,Technician,Service,2021-04-10,deborahmalone@example.org
S0831,James Davis,Clerk,Administration,2022-08-05,justin93@example.net
S0832,Allen Bowers,Salesperson,Sales,2019-04-22,travis84@example.org
S0833,Nicole Duncan MD,Salesperson,Service,2020-11-20,huntjessica@example.net
S0834,Bonnie Smith,Manager,Sales,2024-01-11,whitakervanessa@example.net
S0835,Denise Vang,Technician,Management,2021-03-30,burnsrobert@example.com
S0836,Austin Vasquez,Salesperson,Management,2023-09-30,saraeverett@example.com
S0837,Lindsay Oliver,Manager,Sales,2021-07-13,davidsonjason@example.net
S0838,Robert Wright,Clerk,Service,2024-02-01,zmoran@example.org
S0839,Nathaniel Rodriguez,Technician,Management,2022-09-13,austin44@example.net
S0840,Allison Blackwell,Salesperson,Management,2019-11-25,kyle18@example.org
S0841,Tyler Gutierrez,Technician,Service,2023-10-10,karencooper@example.org
S0842,Natalie Barber,Salesperson,Service,2021-06-04,iboyle@example.org
S0843,Sandra Carter,Clerk,Management,2023-02-27,greenjeffrey@example.com
S0844,Jose Costa,Salesperson,Management,2021-12-17,stanleyrasmussen@example.org
S0845,William Stokes,Manager,Administration,2022-11-07,pmartin@example.org
S0846,Daniel Clayton,Manager,Administration,2019-05-15,donald51@example.com
S0847,Thomas Erickson,Salesperson,Sales,2022-09-23,gonzalezsharon@example.net
S0848,Tracy Hall,Salesperson,Administration,2024-03-06,darrell88@example.net
S0849,Brenda Garner,Manager,Sales,2023-08-22,mendozabrittney@example.org
S0850,Edward Sheppard,Technician,Service,2022-02-11,shawna60@example.org
S0851,Cynthia Davis,Clerk,Service,2019-12-04,singletontaylor@example.net
S0852,Jason Brown DDS,Salesperson,Service,2021-12-17,williamscheyenne@example.org
S0853,Cynthia Leach,Manager,Service,2020-07-16,bbrown@example.org
S0854,William Woods,Salesperson,Service,2022-10-20,spenceraaron@example.org
S0855,Joseph Hill,Technician,Management,2022-04-07,melaniehamilton@example.com
S0856,Emily Rubio,Technician,Service,2019-06-01,nicole08@example.org
S0857,Linda Pitts,Manager,Sales,2022-01-02,dominiquehall@example.org
S0858,Albert Liu,Technician,Service,2019-06-12,brooksralph@example.org
S0859,Andrea Ellis,Clerk,Service,2021-03-27,wadeheather@example.com
S0860,Hunter Carpenter,Manager,Sales,2023-02-06,martinezmicheal@example.org
S0861,Robert Browning,Salesperson,Sales,2022-10-25,yliu@example.org
S0862,William Dixon,Technician,Management,2023-03-07,estradatimothy@example.net
S0863,Stephanie Kelley,Manager,Administration,2023-04-09,julie79@example.com
S0864,Ryan Randall,Manager,Administration,2023-12-29,rodriguezcarol@example.net
S0865,Natasha Wilson,Manager,Management,2021-05-07,jasmine75@example.org
S0866,Natalie Klein,Manager,Sales,2023-11-28,wendy34@example.org
S0867,Johnathan Myers,Manager,Management,2020-02-22,pyoung@example.net
S0868,Catherine Weber,Manager,Sales,2021-12-18,jgonzalez@example.org
S0869,Evan Tran,Clerk,Administration,2020-06-01,mark41@example.net
S0870,Jasmine Wise,Manager,Administration,2020-06-12,tinafreeman@example.com
S0871,Anthony Cummings,Technician,Administration,2020-10-25,justin28@example.net
S0872,Heather Smith,Salesperson,Management,2024-02-19,michael69@example.net
S0873,Stephanie Howe,Manager,Sales,2023-04-22,christineflores@example.com
S0874,Manuel Owen,Salesperson,Service,2022-05-23,smithdaniel@example.com
S0875,David Mathews,Salesperson,Administration,2021-02-02,rossanna@example.net
S0876,Melanie Miller,Clerk,Service,2019-09-11,whitesteven@example.net
S0877,Heather Weaver,Salesperson,Sales,2021-08-13,alexander58@example.org
S0878,Ryan Hurley,Salesperson,Management,2021-10-25,gonzalesdavid@example.org
S0879,Jessica Johnson,Salesperson,Management,2020-12-11,johnbradley@example.org
S0880,Robert Delgado DDS,Technician,Sales,2019-09-09,monica29@example.org
S0881,Kari Chavez,Technician,Sales,2021-04-04,mathispatricia@example.org
S0882,Kenneth Good,Technician,Administration,2020-09-23,brooke23@example.org
S0883,Jeffrey Cox,Technician,Management,2022-02-05,grussell@example.net
S0884,Veronica Robinson,Technician,Management,2020-11-28,krichardson@example.com
S0885,Heather Wallace,Technician,Management,2019-07-10,kimberlywalker@example.org
S0886,Dr. Sara Shepard,Salesperson,Management,2022-06-25,rdickerson@example.com
S0887,Mario Love,Manager,Sales,2022-05-08,vanessachavez@example.net
S0888,Seth Johnson,Technician,Management,2019-06-07,dorseyanthony@example.org
S0889,Kylie Martin,Clerk,Service,2024-02-06,pughdaniel@example.com
S0890,Danielle Adams,Clerk,Sales,2023-06-14,morristrevor@example.org
S0891,Sara Taylor,Manager,Administration,2019-05-01,sarah49@example.org
S0892,Logan Martinez,Technician,Administration,2022-03-26,daniel27@example.org
S0893,Erik Jones,Clerk,Management,2023-03-17,andrewanderson@example.com
S0894,Mrs. Kaitlyn Gonzalez,Salesperson,Service,2022-05-20,alexander32@example.net
S0895,Brandon Richardson,Manager,Service,2019-04-24,shill@example.com
S0896,Carol Anderson PhD,Technician,Sales,2019-07-25,lawrencecasey@example.com
S0897,Debra Vargas,Manager,Sales,2019-09-15,mrivera@example.org
S0898,Glen Walker,Manager,Management,2024-01-04,melindamccann@example.com
S0899,Christopher Key,Clerk,Sales,2022-09-26,joshua46@example.com
S0900,Mary Brown,Clerk,Management,2022-10-15,timothy06@example.net
S0901,Bruce Mercer,Salesperson,Sales,2021-05-14,cuevasstephanie@example.net
S0902,James Sanders,Clerk,Service,2024-01-09,whitesean@example.net
S0903,Anne Porter,Clerk,Service,2020-08-18,blakejoshua@example.com
S0904,Rebekah Clark,Salesperson,Service,2023-08-29,williamgutierrez@example.com
S0905,James Shaw,Clerk,Service,2019-04-20,spencerebony@example.com
S0906,Dr. Michael Santiago,Clerk,Sales,2022-07-21,wrose@example.com
S0907,Christopher Russell,Salesperson,Sales,2023-09-24,jackallison@example.net
S0908,Victor Bailey,Clerk,Management,2023-11-21,lucas21@example.org
S0909,Dennis Nicholson,Clerk,Service,2021-08-13,lindsey26@example.org
S0910,Dawn Keller,Clerk,Service,2021-02-05,blynch@example.com
S0911,Jasmine Costa,Clerk,Management,2019-04-13,gabrielleon@example.net
S0912,Tiffany Wise,Technician,Administration,2019-11-23,meyersscott@example.org
S0913,Vanessa Parker,Salesperson,Management,2020-09-17,michaelreed@example.org
S0914,Sheena Johnson,Technician,Administration,2023-12-12,sandersadam@example.org
S0915,Brian Bryan,Clerk,Sales,2021-10-02,petersonmonique@example.net
S0916,Richard Riddle,Clerk,Service,2021-01-21,pamela62@example.com
S0917,Shawn Kramer,Clerk,Sales,2023-06-18,olopez@example.org
S0918,Joshua Preston,Technician,Sales,2022-07-30,perezmichael@example.net
S0919,Gabriel Smith,Manager,Sales,2021-08-15,smithkenneth@example.org
S0920,James Davis,Manager,Service,2021-11-09,caroline53@example.com
S0921,Heather Kim,Manager,Administration,2019-09-04,floresjames@example.com
S0922,Sandra White,Salesperson,Administration,2024-02-12,archermarcus@example.org
S0923,Nicole Dominguez,Clerk,Management,2023-11-03,jhanson@example.org
S0924,James Navarro,Salesperson,Service,2022-09-29,grahamjessica@example.net
S0925,Karen Williamson MD,Clerk,Service,2021-06-14,qphillips@example.com
S0926,Eric Robinson,Manager,Administration,2023-12-24,hendersonjohn@example.net
S0927,Samuel Anderson,Clerk,Management,2019-05-23,rcollins@example.com
S0928,Jennifer Jackson,Salesperson,Service,2019-11-02,joshuacastaneda@example.org
S0929,Michele Archer,Clerk,Management,2019-10-24,simmonskristina@example.net
S0930,Gabriel Williams,Salesperson,Administration,2023-05-27,prosales@example.org
S0931,David Snyder,Salesperson,Administration,2019-06-24,howellleslie@example.com
S0932,Paige Vaughn,Technician,Administration,2023-08-22,nguyencynthia@example.org
S0933,Michael Harris,Salesperson,Sales,2022-06-18,andersonmark@example.com
S0934,Lisa Phillips,Clerk,Management,2022-10-21,njones@example.org
S0935,Erika Hurst,Manager,Sales,2021-07-02,tgarcia@example.com
S0936,Sandy Ward,Manager,Management,2023-02-14,simmonserica@example.com
S0937,Jose Hopkins,Manager,Administration,2024-01-06,lacey46@example.net
S0938,Russell Weber,Clerk,Administration,2021-05-03,kdaniels@example.net
S0939,Tyler Nash,Clerk,Management,2023-07-16,diane67@example.org
S0940,Kathleen Campbell,Clerk,Administration,2022-11-14,nicolekrueger@example.org
S0941,Kevin Sanders,Manager,Service,2021-05-20,hutchinsonjason@example.net
S0942,Tamara Thomas,Clerk,Administration,2021-01-03,wrightnicole@example.org
S0943,George Owens,Salesperson,Management,2020-08-29,robert96@example.org
S0944,Paula Shepard,Technician,Service,2021-01-27,lauralevine@example.net
S0945,Gregory Levy,Technician,Management,2020-03-02,creid@example.org
S0946,Diane Blankenship,Manager,Sales,2022-07-23,jennifer11@example.org
S0947,James Bennett,Clerk,Administration,2019-07-18,dustin07@example.net
S0948,Alison Johnson,Clerk,Service,2021-07-29,bennetttim@example.net
S0949,Karen Holland,Salesperson,Service,2021-02-24,bakerjacqueline@example.org
S0950,Daniel Howard,Clerk,Service,2019-11-21,karenfields@example.org
S0951,Parker Palmer,Manager,Management,2024-01-30,gford@example.net
S0952,Jordan Glover DDS,Manager,Service,2020-05-30,kyle52@example.com
S0953,Brent Walker,Salesperson,Management,2021-08-04,thomaswalker@example.com
S0954,Dominic Campbell,Clerk,Administration,2022-11-07,csutton@example.org
S0955,Elizabeth Cunningham,Clerk,Service,2023-01-31,slawrence@example.net
S0956,Danielle Bauer,Salesperson,Administration,2021-07-20,ambervelez@example.net
S0957,Gerald Shepherd,Technician,Administration,2021-10-17,vrodriguez@example.org
S0958,Elizabeth Stewart,Salesperson,Service,2021-12-29,gonzalezaaron@example.com
S0959,Jennifer Nelson,Clerk,Service,2022-04-04,nevans@example.net
S0960,Melissa Stewart,Salesperson,Administration,2022-01-23,kristina48@example.com
S0961,Joseph Morgan,Clerk,Administration,2023-01-19,kendra76@example.com
S0962,Brenda Mcknight,Clerk,Sales,2021-08-25,kimberly19@example.com
S0963,Mark Wang,Technician,Administration,2022-04-29,mwillis@example.com
S0964,Kevin Wright,Clerk,Administration,2024-03-07,mortonjulie@example.net
S0965,Cassidy Marshall,Manager,Service,2020-09-27,baileylane@example.com
S0966,Veronica Cochran,Clerk,Service,2023-09-14,davistaylor@example.com
S0967,Catherine Lyons,Manager,Administration,2023-01-06,idunn@example.net
S0968,Benjamin White,Clerk,Sales,2024-02-17,nlee@example.org
S0969,Matthew Hale,Salesperson,Service,2021-11-27,swest@example.com
S0970,Steven King,Technician,Administration,2023-11-18,pmiller@example.net
S0971,Morgan Ball,Clerk,Sales,2020-08-15,hansonlisa@example.com
S0972,David Carson,Clerk,Sales,2019-10-19,qallen@example.org
S0973,Rebecca Cooley,Salesperson,Management,2022-04-23,hobbsjulie@example.net
S0974,Debra Morgan,Clerk,Service,2021-12-22,ivanbates@example.net
S0975,Zachary Casey,Manager,Service,2022-05-21,andreabrandt@example.org
S0976,Martin Walter,Clerk,Sales,2019-10-04,roseadam@example.org
S0977,Ryan Brennan,Salesperson,Service,2023-10-31,mary37@example.org
S0978,Anthony Brown,Technician,Administration,2022-07-16,franklinsamantha@example.com
S0979,Andrew Oneal,Clerk,Service,2020-09-20,elizabethmartinez@example.net
S0980,Debra Saunders,Clerk,Administration,2019-09-05,ccontreras@example.org
S0981,Katherine Smith,Salesperson,Management,2022-08-20,andrea18@example.net
S0982,Laura Howard,Manager,Administration,2020-10-29,dawn62@example.com
S0983,James Clark,Salesperson,Management,2021-12-30,whiterebekah@example.com
S0984,Brandon Wright,Technician,Service,2022-12-19,richard81@example.org
S0985,Gabriella Herrera,Salesperson,Administration,2021-07-04,paulgibson@example.com
S0986,Michael Harvey DVM,Manager,Administration,2021-02-21,davidramirez@example.com
S0987,Lisa Jenkins,Technician,Management,2023-11-11,krystal57@example.com
S0988,Timothy Gallagher,Technician,Administration,2023-12-13,kelliott@example.net
S0989,Betty Coleman,Salesperson,Administration,2019-11-15,kennedymichael@example.com
S0990,Carol Adams,Technician,Management,2020-02-06,fosterbailey@example.org
S0991,Cheryl Stewart,Clerk,Sales,2019-07-31,mark82@example.com
S0992,Barry Herrera,Manager,Administration,2022-01-01,pamelahanson@example.com
S0993,Heather Clark,Technician,Sales,2021-04-11,rodriguezmary@example.org
S0994,Austin Martinez,Clerk,Sales,2020-07-10,michaelmarshall@example.org
S0995,Kristi Hamilton,Salesperson,Sales,2023-04-18,christopher09@example.com
S0996,Sandra Reynolds,Technician,Management,2023-08-01,howardlori@example.com
S0997,Joe Johnson,Technician,Sales,2023-02-09,thomascarlson@example.org
S0998,Phillip Pitts,Technician,Service,2021-01-18,bradley00@example.net
S0999,Amy Davis,Salesperson,Administration,2019-07-09,fmorales@example.org
S1000,Rebecca Hart,Technician,Management,2022-08-26,martin83@example.net
