Sale ID,Model ID,Staff ID,Sale Date,Sale Price,Customer Name,Payment Method
SL00001,M034,S0999,2024-01-30,23690.58,Chelsea Poole,Bank Transfer
SL00002,M032,S0583,2022-06-18,43847.41,Martin Jordan,Cash
SL00003,M009,S0980,2023-05-25,77615.06,Brenda Glover,Credit Card
SL00004,M013,S0007,2023-12-29,89363.0,Robert Garcia,Cash
SL00005,M024,S0113,2022-09-21,24056.09,John West,Credit Card
SL00006,M012,S0869,2022-12-27,55140.68,Melissa Ortega,Cash
SL00007,M027,S0213,2023-06-27,82493.2,Melinda Gregory,Bank Transfer
SL00008,M029,S0430,2022-10-13,63151.4,Denise Reynolds,Cash
SL00009,M002,S0065,2023-07-14,86945.42,Jeffery Marquez,Credit Card
SL00010,M012,S0532,2022-04-05,48732.7,Jonathan Rice,Credit Card
SL00011,M022,S0004,2023-03-14,30971.09,Stefanie Guerra,Bank Transfer
SL00012,M029,S0269,2023-09-30,41013.16,Edward Aguilar,Bank Transfer
SL00013,M031,S0500,2022-11-25,91682.78,Scott Rodgers,Cash
SL00014,M026,S0907,2023-02-13,49493.12,David Velasquez,Cash
SL00015,M033,S0171,2023-10-15,95472.78,Cheryl Salazar,Cash
SL00016,M027,S0357,2024-01-07,79163.65,James Smith,Bank Transfer
SL00017,M035,S0299,2023-06-04,52833.27,Wesley Good,Cash
SL00018,M005,S0503,2023-11-14,77406.12,Anna Jones,Credit Card
SL00019,M009,S0170,2023-03-10,43395.45,April Rodgers,Credit Card
SL00020,M033,S0008,2023-07-27,86634.14,Johnny Wiggins,Bank Transfer
SL00021,M030,S0337,2023-05-05,36676.22,Andrew Oconnor,Cash
SL00022,M010,S0171,2023-05-27,62050.81,Andrew Robinson,Bank Transfer
SL00023,M040,S0499,2022-12-29,39360.4,Shelia Jones,Bank Transfer
SL00024,M038,S0765,2022-08-31,57770.23,Shane Murray,Credit Card
SL00025,M018,S0639,2022-12-24,50217.35,Dustin Nelson,Credit Card
SL00026,M009,S0291,2024-01-07,59260.76,Dr. Emily Ball,Cash
SL00027,M010,S0236,2023-10-27,97657.25,Shelby Erickson,Bank Transfer
SL00028,M010,S0035,2024-03-15,78305.05,Brandon Leonard,Cash
SL00029,M031,S0300,2023-12-11,70355.75,Patricia Smith,Credit Card
SL00030,M038,S0108,2023-11-16,84859.89,Michelle Reeves,Cash
SL00031,M007,S0760,2024-01-05,89883.52,Danny Frank,Credit Card
SL00032,M009,S0981,2022-07-03,83573.31,Heather Klein MD,Cash
SL00033,M010,S0162,2022-05-03,79665.3,Robert Payne,Cash
SL00034,M048,S0222,2022-10-08,49804.23,Christina Smith,Cash
SL00035,M012,S0990,2023-11-07,54567.62,Amanda Davis,Cash
SL00036,M030,S0602,2023-07-04,59937.44,James Moody,Credit Card
SL00037,M004,S0702,2022-08-04,46093.25,Gabriel Marshall,Cash
SL00038,M044,S0627,2022-06-25,63098.18,Carolyn Patel,Cash
SL00039,M012,S0264,2023-02-23,57861.42,Yvonne Gibson,Bank Transfer
SL00040,M021,S0522,2022-05-12,55280.25,Anthony Wheeler MD,Credit Card
SL00041,M043,S0978,2022-10-31,94652.49,Michael Davis,Credit Card
SL00042,M017,S0433,2023-12-07,44697.96,Jennifer Allen,Bank Transfer
SL00043,M046,S0885,2023-02-09,77165.86,Brian Lloyd,Credit Card
SL00044,M044,S0774,2022-07-09,82690.56,Henry Smith,Cash
SL00045,M044,S0818,2023-04-28,65828.37,Heidi Price,Bank Transfer
SL00046,M023,S0746,2022-04-23,95570.0,Jessica Stephens,Credit Card
SL00047,M022,S0933,2023-08-09,56622.47,Brent Blankenship,Cash
SL00048,M025,S0284,2024-02-09,24050.97,Jeffery Zamora,Credit Card
SL00049,M039,S0897,2022-04-03,25080.64,Kelly Frey,Bank Transfer
SL00050,M034,S0325,2024-02-28,91497.85,Matthew Fuller,Credit Card
SL00051,M022,S0351,2022-05-07,28181.14,Joseph Pierce,Cash
SL00052,M048,S0152,2022-11-17,42816.19,Mark Browning,Credit Card
SL00053,M034,S0825,2023-06-29,25557.89,Richard Myers,Credit Card
SL00054,M046,S0642,2022-06-11,56713.62,Jessica Rios,Cash
SL00055,M005,S0388,2023-08-15,65599.48,William Chang,Credit Card
SL00056,M007,S0426,2023-11-28,23169.04,Joseph Hernandez,Bank Transfer
SL00057,M036,S0656,2022-06-19,35899.84,Emily Fletcher,Cash
SL00058,M034,S0112,2023-10-21,54809.6,Keith Owens,Credit Card
SL00059,M043,S0176,2022-04-24,26328.55,Nicole White,Credit Card
SL00060,M023,S0555,2022-05-10,21669.98,James Gross,Bank Transfer
SL00061,M035,S0265,2024-01-24,82044.21,Russell Clark,Bank Transfer
SL00062,M021,S0675,2022-08-12,97804.56,Samantha Townsend,Credit Card
SL00063,M016,S0789,2023-07-30,67415.42,Mark Arnold,Bank Transfer
SL00064,M036,S0413,2022-04-08,81799.5,Denise Kidd,Bank Transfer
SL00065,M020,S0555,2023-09-28,53232.44,Troy Miller,Credit Card
SL00066,M034,S0997,2023-10-22,68523.24,Phillip Cabrera,Credit Card
SL00067,M050,S0194,2023-03-19,22538.66,Amber Brown,Cash
SL00068,M045,S0909,2024-03-18,41809.41,Tina Graham,Credit Card
SL00069,M016,S0742,2023-11-02,91655.02,Steven Beard,Credit Card
SL00070,M020,S0801,2022-04-24,69464.03,Anthony Clark,Bank Transfer
SL00071,M037,S0322,2023-08-24,63783.83,Matthew Wilson,Credit Card
SL00072,M037,S0262,2023-07-24,20855.52,Joseph Cunningham,Cash
SL00073,M021,S0835,2023-05-18,77964.65,Derrick Parker,Credit Card
SL00074,M002,S0380,2023-10-19,79196.83,Glenn Ferguson,Cash
SL00075,M038,S0103,2023-08-07,48977.0,Michael Jackson,Credit Card
SL00076,M018,S0890,2022-05-24,41847.99,Daniel Cook DDS,Bank Transfer
SL00077,M009,S0147,2023-07-27,41951.78,William Everett,Credit Card
SL00078,M021,S0131,2022-12-03,39848.41,Alyssa Olsen,Cash
SL00079,M008,S0437,2023-01-31,45401.06,Ebony Chambers,Credit Card
SL00080,M013,S0641,2022-09-25,87478.91,Jeremy Collins,Credit Card
SL00081,M002,S0981,2022-10-13,81469.31,David Vincent,Cash
SL00082,M031,S0895,2022-06-29,49422.06,Jared Erickson,Bank Transfer
SL00083,M019,S0225,2023-08-02,63244.07,Levi Perez,Credit Card
SL00084,M026,S0266,2023-06-06,41032.18,Rachel Henderson,Bank Transfer
SL00085,M005,S0712,2022-05-26,84533.42,Rodney Reyes,Bank Transfer
SL00086,M027,S0323,2023-10-01,68598.27,Brenda Young,Credit Card
SL00087,M033,S0364,2023-05-23,90419.0,Michael Carter,Credit Card
SL00088,M008,S0892,2024-03-01,62860.38,Mark Wood,Cash
SL00089,M042,S0319,2023-08-18,53561.11,Samantha Lee,Credit Card
SL00090,M003,S0697,2024-03-11,44436.6,Samantha Edwards,Bank Transfer
SL00091,M021,S0759,2023-01-13,93270.78,Juan Welch DDS,Cash
SL00092,M008,S0571,2023-10-23,76309.84,Charles Howard,Cash
SL00093,M047,S0418,2023-10-15,24241.82,Leslie Brown,Bank Transfer
SL00094,M026,S0139,2023-09-12,25358.4,John Daniels,Bank Transfer
SL00095,M014,S0473,2022-05-04,94636.46,Alexis Montgomery,Credit Card
SL00096,M012,S0079,2023-05-12,89811.68,Eric Price,Credit Card
SL00097,M019,S0042,2022-07-12,93245.17,Kevin Murphy,Cash
SL00098,M010,S0979,2022-05-16,74655.32,Mary Fischer,Bank Transfer
SL00099,M048,S0231,2022-05-22,88607.98,Debbie Hunter,Credit Card
SL00100,M018,S0556,2024-01-27,43985.16,Kylie Keller,Bank Transfer
SL00101,M013,S0740,2022-06-21,63050.72,Greg Simpson,Credit Card
SL00102,M019,S0500,2022-06-13,91789.53,Jordan Cook,Bank Transfer
SL00103,M001,S0413,2023-09-20,81398.46,Michael Wilkins,Credit Card
SL00104,M012,S0489,2023-10-12,58201.54,David Jackson,Cash
SL00105,M020,S0493,2023-05-31,90464.03,William Sparks,Bank Transfer
SL00106,M022,S0610,2023-02-12,29759.87,Kyle Frederick,Bank Transfer
SL00107,M036,S0258,2022-11-28,73999.05,Christopher Miller,Credit Card
SL00108,M003,S0241,2022-11-26,74416.71,George Stevens MD,Credit Card
SL00109,M023,S0424,2022-04-07,45776.45,Keith Hurley,Bank Transfer
SL00110,M044,S0274,2022-10-23,31796.82,Teresa Powers,Credit Card
SL00111,M050,S0003,2022-06-20,71385.84,Lisa Cox,Cash
SL00112,M037,S0028,2023-09-05,94959.7,Ricardo Lucas,Bank Transfer
SL00113,M035,S0863,2024-03-02,79226.88,James Diaz,Credit Card
SL00114,M037,S0016,2023-07-08,94895.05,Wendy Alvarado,Bank Transfer
SL00115,M013,S0855,2023-11-17,43119.97,Lauren Johnson,Bank Transfer
SL00116,M013,S0922,2024-01-02,50246.25,Shannon Rojas,Credit Card
SL00117,M001,S0297,2022-06-29,81185.95,Robin Jones,Bank Transfer
SL00118,M007,S0778,2023-10-11,62277.75,Amy Nichols,Bank Transfer
SL00119,M045,S0845,2023-01-07,82102.66,Ellen Bridges,Cash
SL00120,M004,S0199,2022-03-24,50894.5,Nicole Jackson,Cash
SL00121,M017,S0234,2022-11-08,62327.05,Robert Young,Bank Transfer
SL00122,M037,S0957,2023-07-15,59296.22,Gail Williams,Cash
SL00123,M032,S0617,2023-04-12,27620.44,Kenneth Malone,Credit Card
SL00124,M046,S0915,2023-12-06,86283.39,Amanda Mcbride,Cash
SL00125,M025,S0603,2022-05-23,98535.89,Melissa Thompson,Bank Transfer
SL00126,M013,S0022,2024-01-11,71998.81,Jillian Bradford,Credit Card
SL00127,M050,S0873,2024-02-01,87649.17,Henry Moody,Credit Card
SL00128,M013,S0521,2024-03-17,68565.21,Mark Diaz,Bank Transfer
SL00129,M035,S0847,2023-10-18,61007.44,Lisa Anderson,Bank Transfer
SL00130,M001,S0989,2023-05-05,65162.97,David Jordan II,Cash
SL00131,M015,S0012,2022-03-29,63851.36,Ronald Mcbride,Credit Card
SL00132,M010,S0469,2022-05-19,39062.74,Johnny Sutton,Cash
SL00133,M014,S0371,2023-02-16,69938.34,Tracy Juarez,Bank Transfer
SL00134,M050,S0839,2023-05-11,56117.19,David Mccann,Bank Transfer
SL00135,M009,S0051,2022-09-27,90168.27,Dr. Heather Taylor,Cash
SL00136,M046,S0440,2023-03-26,73114.92,Chad Carpenter,Credit Card
SL00137,M043,S0143,2024-01-01,85730.39,Brandon Parks,Credit Card
SL00138,M007,S0295,2022-07-13,70850.15,Brittany Lynch,Cash
SL00139,M023,S0232,2023-04-08,71894.37,Xavier Kaufman,Bank Transfer
SL00140,M018,S0301,2023-05-26,74375.68,Kenneth Allen,Credit Card
SL00141,M044,S0852,2022-06-26,35814.35,Adam Erickson,Credit Card
SL00142,M007,S0083,2022-06-09,29741.06,Elizabeth Booker PhD,Bank Transfer
SL00143,M026,S0805,2022-08-06,41490.5,Heidi Oneal,Bank Transfer
SL00144,M023,S0006,2023-02-08,41989.08,Ashley Wheeler,Bank Transfer
SL00145,M011,S0042,2024-03-02,57858.75,Paul Thomas,Cash
SL00146,M009,S0554,2023-09-25,36344.45,Rebecca Ramirez,Credit Card
SL00147,M017,S0019,2022-04-24,35398.72,Jessica Waters,Bank Transfer
SL00148,M020,S0726,2024-03-19,59601.61,Amanda Sims,Bank Transfer
SL00149,M011,S0349,2023-11-20,73710.09,Bianca Rodriguez,Bank Transfer
SL00150,M028,S0796,2023-02-11,88563.77,Kenneth Moore,Credit Card
SL00151,M046,S0209,2022-10-23,67467.5,Cody George,Credit Card
SL00152,M015,S0510,2022-07-14,65713.82,Andrew Carter,Credit Card
SL00153,M030,S0834,2023-11-15,43832.59,Angela Cummings,Credit Card
SL00154,M031,S0887,2023-01-27,74422.62,Jessica Mitchell,Credit Card
SL00155,M024,S0164,2022-05-20,84310.11,Melissa Morris,Credit Card
SL00156,M004,S0698,2024-02-13,32292.75,Sabrina Nelson,Bank Transfer
SL00157,M050,S0909,2023-09-20,20022.91,Carlos Smith,Cash
SL00158,M006,S0282,2022-08-13,23932.44,Crystal Robinson,Cash
SL00159,M047,S0251,2022-12-27,75337.76,Peter Brady,Cash
SL00160,M042,S0605,2023-09-09,65172.55,Jason Morse,Credit Card
SL00161,M036,S0055,2023-05-16,54553.36,Melissa Davis,Bank Transfer
SL00162,M003,S0455,2022-07-31,34808.55,Anthony Rangel,Credit Card
SL00163,M001,S0052,2023-10-17,62884.06,Daniel Stewart,Cash
SL00164,M009,S0231,2023-08-29,78957.18,Jose Stevens,Credit Card
SL00165,M038,S0275,2023-10-23,51816.13,Lance Ortiz,Bank Transfer
SL00166,M001,S0380,2023-01-06,86880.29,Lisa Mitchell,Cash
SL00167,M030,S0658,2023-11-16,96315.89,Michael Keith,Credit Card
SL00168,M036,S0816,2023-11-04,23868.99,Jason Hill,Bank Transfer
SL00169,M024,S0338,2023-02-20,52304.78,Danielle Davis,Cash
SL00170,M006,S0628,2023-12-09,64951.41,Wendy Howard,Cash
SL00171,M041,S0340,2024-01-17,69060.99,Michael Jackson,Cash
SL00172,M002,S0525,2023-11-28,57908.36,Timothy Andrews MD,Cash
SL00173,M031,S0213,2023-04-30,83227.54,Cindy Perez,Bank Transfer
SL00174,M030,S0437,2023-10-31,21537.08,Jill Ross,Credit Card
SL00175,M050,S0703,2023-05-29,64027.21,Jesus Young,Bank Transfer
SL00176,M004,S0436,2023-07-02,63741.18,Spencer Brown,Cash
SL00177,M027,S0866,2023-02-17,36451.98,Benjamin Ellison,Credit Card
SL00178,M031,S0614,2022-04-13,62931.28,Amanda Davis,Cash
SL00179,M041,S0439,2022-07-26,58406.05,Megan Kim,Credit Card
SL00180,M013,S0336,2023-05-30,88970.28,Olivia Beck,Credit Card
SL00181,M028,S0534,2023-03-28,32838.59,Jonathan Harris,Credit Card
SL00182,M002,S0920,2023-12-28,62102.43,Kenneth Benson,Cash
SL00183,M046,S0847,2023-07-22,96778.72,John Ward,Bank Transfer
SL00184,M031,S0658,2022-05-29,23863.27,Connie Ellis,Bank Transfer
SL00185,M023,S0169,2022-07-17,64855.9,Gina Wright,Credit Card
SL00186,M004,S0735,2023-01-25,95898.29,Dr. Wendy Cox DDS,Credit Card
SL00187,M024,S0942,2022-07-20,92559.25,Kelsey Moran,Cash
SL00188,M033,S0983,2023-09-12,94569.93,Michael Noble,Cash
SL00189,M028,S0379,2024-01-10,27667.03,Angela Williams,Cash
SL00190,M048,S0755,2022-07-27,52931.22,Cody Thomas,Bank Transfer
SL00191,M035,S0605,2024-01-31,32394.62,Brittany Griffin,Cash
SL00192,M030,S0371,2022-12-27,88950.27,Amber Flores,Credit Card
SL00193,M044,S0088,2022-06-11,64997.12,Cameron Mcbride,Credit Card
SL00194,M022,S0109,2023-12-24,41105.78,Kevin Cross,Credit Card
SL00195,M042,S0929,2023-11-21,61764.93,Sara Nash,Bank Transfer
SL00196,M008,S0625,2022-06-22,92349.21,Emily Smith,Credit Card
SL00197,M042,S0757,2023-03-19,66314.76,Tracy Thompson,Cash
SL00198,M018,S0430,2022-12-02,94227.1,Shelby Garcia,Credit Card
SL00199,M042,S0880,2023-04-28,56948.48,Stephen Rodriguez,Cash
SL00200,M017,S0204,2022-10-15,39615.55,Travis Wu,Credit Card
SL00201,M040,S0837,2022-12-04,29233.59,Abigail Holmes,Bank Transfer
SL00202,M006,S0511,2023-03-01,55941.46,Timothy White,Bank Transfer
SL00203,M020,S0287,2023-09-20,88477.88,Emily Brady,Cash
SL00204,M038,S0280,2023-03-28,37919.31,Stacy Guzman,Credit Card
SL00205,M016,S0735,2023-10-03,47519.74,Antonio Wilson,Cash
SL00206,M018,S0296,2022-05-19,73804.08,Sara Pena,Bank Transfer
SL00207,M024,S0431,2024-01-08,30329.72,Megan Stevens,Bank Transfer
SL00208,M011,S0510,2022-09-15,51463.14,Jimmy Mccullough,Cash
SL00209,M024,S0295,2022-10-27,21499.19,Tammy Cook,Cash
SL00210,M009,S0579,2024-01-28,36011.28,Danielle Osborne,Cash
SL00211,M002,S0666,2023-12-09,20973.51,Amber Trevino,Cash
SL00212,M002,S0132,2023-10-12,95508.08,Amy Morrow,Credit Card
SL00213,M010,S0955,2022-08-04,33345.66,Andrea Woodward,Bank Transfer
SL00214,M026,S0648,2022-07-10,94338.84,Catherine Rosales,Bank Transfer
SL00215,M009,S0979,2023-03-10,37482.98,Joshua Medina,Cash
SL00216,M024,S0562,2024-02-22,96603.11,Karen Luna MD,Credit Card
SL00217,M027,S0235,2023-02-23,32478.1,Joseph Brown,Cash
SL00218,M023,S0153,2022-10-24,24412.55,Kathleen Rivera,Bank Transfer
SL00219,M029,S0234,2023-12-09,73594.11,Barry Moore,Cash
SL00220,M024,S0155,2022-05-06,80256.9,Erin Lyons,Bank Transfer
SL00221,M011,S0036,2022-12-31,53944.32,Zachary May,Bank Transfer
SL00222,M009,S0989,2022-12-12,80300.16,Brandon Arellano,Credit Card
SL00223,M045,S0262,2023-06-12,75934.55,Mrs. Jill Mcintyre,Credit Card
SL00224,M011,S0360,2023-07-16,58747.75,Teresa Sandoval,Bank Transfer
SL00225,M043,S0144,2022-04-18,31839.81,Jessica Zamora,Credit Card
SL00226,M003,S0520,2022-05-04,60559.2,Brett Miranda,Bank Transfer
SL00227,M007,S0490,2023-12-28,25716.09,Ms. Cindy Savage,Bank Transfer
SL00228,M046,S0553,2023-10-02,39214.44,Brenda Barton,Cash
SL00229,M029,S0737,2023-07-06,96806.72,Travis Gardner,Bank Transfer
SL00230,M038,S0876,2023-10-25,38025.82,Melissa Richard,Credit Card
SL00231,M021,S0286,2023-05-17,67693.82,Christopher Matthews,Credit Card
SL00232,M020,S0826,2024-01-04,44620.15,Jasmine Kennedy,Cash
SL00233,M043,S0501,2023-03-01,65411.43,Ryan Sanchez,Cash
SL00234,M046,S0367,2023-07-29,63242.3,Michele Hart,Credit Card
SL00235,M032,S0044,2023-03-28,61203.15,Joseph Buck,Bank Transfer
SL00236,M002,S0181,2023-03-01,73258.3,Sarah Singleton,Cash
SL00237,M041,S0879,2022-09-29,85809.79,Jacqueline Patrick,Cash
SL00238,M003,S0199,2022-06-15,38979.06,Crystal Miller,Bank Transfer
SL00239,M038,S0485,2022-10-23,85301.01,Penny Rodriguez,Bank Transfer
SL00240,M049,S0587,2022-03-29,59830.59,Derek Coleman,Bank Transfer
SL00241,M034,S0515,2023-08-04,73366.86,Vincent Dudley,Cash
SL00242,M020,S0556,2022-05-31,42910.14,April Chapman,Credit Card
SL00243,M006,S0351,2023-10-06,72478.24,Jacqueline Watson,Cash
SL00244,M033,S0753,2023-06-03,34711.98,Aaron Bean,Cash
SL00245,M019,S0862,2022-06-11,57633.91,Lisa Cook,Credit Card
SL00246,M019,S0746,2022-06-26,22117.37,Jose Rodriguez,Credit Card
SL00247,M047,S0607,2023-01-31,98119.09,Theodore Osborne,Cash
SL00248,M042,S0455,2023-01-01,87171.76,Benjamin Schwartz,Cash
SL00249,M014,S0027,2023-08-09,58722.94,Amanda Pope,Bank Transfer
SL00250,M001,S0138,2024-02-19,85480.59,Mark Martinez,Bank Transfer
SL00251,M031,S0248,2023-09-28,44094.58,Kathryn Andrews,Bank Transfer
SL00252,M049,S0533,2022-07-31,84001.08,Robert Holder,Cash
SL00253,M032,S0145,2022-10-11,92940.59,Matthew Bender,Cash
SL00254,M029,S0502,2024-01-25,31257.74,Evan Cantu,Credit Card
SL00255,M039,S0005,2023-08-16,78575.42,Michelle Kelly,Bank Transfer
SL00256,M017,S0577,2023-04-29,34714.29,Darius Lopez,Credit Card
SL00257,M019,S0500,2022-11-29,76920.08,Michael Gomez,Cash
SL00258,M022,S0286,2023-05-07,68038.48,Jason Frazier,Credit Card
SL00259,M021,S0967,2023-12-04,75717.07,Elizabeth Joseph,Bank Transfer
SL00260,M004,S0589,2022-06-10,32729.79,Thomas Simmons,Cash
SL00261,M004,S0724,2023-02-24,79191.14,Jeffrey Parker,Bank Transfer
SL00262,M021,S0899,2022-07-12,69367.39,Ashlee Lamb,Credit Card
SL00263,M027,S0579,2022-05-17,61216.18,Matthew Davis,Bank Transfer
SL00264,M045,S0288,2023-11-22,79676.85,Gregory Jackson,Cash
SL00265,M018,S0385,2023-06-06,73328.07,William Frost,Bank Transfer
SL00266,M046,S0683,2022-03-26,42949.91,Justin Mejia,Cash
SL00267,M029,S0142,2022-09-29,32040.85,Andrew Cox,Cash
SL00268,M035,S0456,2023-12-22,27227.82,Elizabeth Wright,Credit Card
SL00269,M026,S0932,2023-10-26,41464.2,Jennifer Douglas,Bank Transfer
SL00270,M030,S0319,2022-05-08,55608.86,Joan Riley,Cash
SL00271,M047,S0724,2022-12-15,91002.38,Phillip Yu,Cash
SL00272,M042,S0786,2022-07-21,63233.9,Kevin Cruz,Credit Card
SL00273,M045,S0988,2022-07-30,86022.28,Tonya Moore,Credit Card
SL00274,M007,S0161,2022-04-23,29699.31,Linda Davis,Bank Transfer
SL00275,M035,S0370,2022-08-04,30562.59,Nichole Quinn,Bank Transfer
SL00276,M025,S0905,2023-10-20,91286.7,Heather Long,Cash
SL00277,M014,S0031,2023-06-19,55238.38,Michael King,Credit Card
SL00278,M034,S0943,2023-11-04,50882.05,Linda Dixon,Cash
SL00279,M038,S0451,2023-12-05,79832.99,George Hartman,Cash
SL00280,M032,S0332,2023-08-03,27117.96,Michael Martin,Credit Card
SL00281,M037,S0466,2023-08-27,57762.18,Olivia Stout,Cash
SL00282,M032,S0375,2022-06-01,95297.83,Kimberly Browning,Credit Card
SL00283,M034,S0775,2023-08-12,33856.13,Charles Wilkinson,Bank Transfer
SL00284,M046,S0076,2022-07-09,49192.58,Shaun Santana,Cash
SL00285,M021,S0068,2023-04-01,70746.07,Erica Richards,Cash
SL00286,M038,S0797,2023-03-28,49366.0,Steven Craig,Credit Card
SL00287,M047,S0905,2022-07-13,84963.8,Joel Lewis,Bank Transfer
SL00288,M020,S0830,2023-05-04,21272.8,Kyle Lamb,Credit Card
SL00289,M047,S0143,2023-05-20,29563.95,Rebecca Chavez,Credit Card
SL00290,M012,S0792,2022-07-20,32487.89,Kristen Ruiz,Credit Card
SL00291,M050,S0600,2022-05-11,30962.28,Patty Thomas,Bank Transfer
SL00292,M010,S0237,2023-02-16,99513.43,Karen Dickson,Cash
SL00293,M045,S0746,2022-10-01,47986.22,Kelli Merritt,Credit Card
SL00294,M010,S0735,2023-04-22,98800.56,David Riddle,Cash
SL00295,M001,S0445,2023-02-20,64121.52,Madeline Thomas,Credit Card
SL00296,M042,S0675,2022-05-20,80669.22,Brian Perry,Bank Transfer
SL00297,M047,S0640,2023-06-22,77474.34,Deborah Russell,Bank Transfer
SL00298,M008,S0259,2023-09-05,67652.34,Elizabeth Friedman,Credit Card
SL00299,M034,S0388,2023-02-19,67649.08,Sonia Hall,Cash
SL00300,M018,S0629,2022-12-29,95979.82,Beth Munoz,Credit Card
SL00301,M029,S0051,2022-12-24,33264.82,Sarah Hardy,Cash
SL00302,M016,S0248,2022-09-18,65380.49,Elizabeth Rodriguez,Credit Card
SL00303,M002,S0324,2023-08-04,57061.87,Mary Palmer,Cash
SL00304,M038,S0025,2022-10-30,96344.66,Lisa Curry,Bank Transfer
SL00305,M004,S0438,2023-05-11,59089.67,Richard Middleton,Credit Card
SL00306,M012,S0374,2023-12-11,98691.63,Robert Pittman,Cash
SL00307,M050,S0656,2023-05-22,48609.44,Mr. Craig Torres,Bank Transfer
SL00308,M025,S0787,2024-01-02,46634.7,Stephanie Rivera,Cash
SL00309,M035,S0254,2024-03-20,56819.77,Christopher Harvey,Bank Transfer
SL00310,M037,S0087,2022-09-04,82338.92,Amanda Mccullough,Credit Card
SL00311,M022,S0682,2022-08-27,46977.55,Thomas Nelson,Bank Transfer
SL00312,M007,S0745,2022-05-12,22165.83,Rachel Willis,Credit Card
SL00313,M042,S0052,2022-08-18,98533.25,Brandy Shah,Bank Transfer
SL00314,M007,S0174,2023-12-25,52707.22,Ashley Raymond,Cash
SL00315,M024,S0490,2023-06-16,25008.12,Laurie Russo,Credit Card
SL00316,M024,S0205,2022-11-27,79889.46,Katie Hayes,Bank Transfer
SL00317,M015,S0953,2022-11-23,20085.68,Mark Williams,Bank Transfer
SL00318,M040,S0490,2023-11-13,22704.95,James Howell,Cash
SL00319,M021,S0574,2022-05-25,56619.94,Leon Jordan,Cash
SL00320,M007,S0556,2023-05-13,45656.35,Mrs. Regina Stone,Credit Card
SL00321,M042,S0437,2023-07-07,78675.1,Monique Jones,Bank Transfer
SL00322,M045,S0278,2023-12-14,60025.81,Richard Garcia,Bank Transfer
SL00323,M041,S0002,2023-06-28,98532.15,Christopher Garcia,Cash
SL00324,M038,S0030,2023-01-22,90583.05,Jackie Brown,Cash
SL00325,M012,S0663,2024-02-16,47846.51,Courtney Salazar,Bank Transfer
SL00326,M012,S0401,2022-09-11,99968.93,Daniel Adams,Bank Transfer
SL00327,M021,S0231,2023-02-16,79195.96,William Solomon,Credit Card
SL00328,M043,S0498,2022-11-16,92339.97,Sheryl Salazar,Credit Card
SL00329,M027,S0032,2022-09-13,65025.49,Erica Jordan,Credit Card
SL00330,M045,S0709,2023-10-11,94414.28,Destiny Weeks,Cash
SL00331,M009,S0354,2024-01-01,37911.55,Valerie Mcguire,Cash
SL00332,M007,S0510,2023-11-06,32868.7,Patrick Bean,Credit Card
SL00333,M049,S0689,2023-02-28,43393.71,James Tyler,Credit Card
SL00334,M046,S0142,2023-10-19,56973.62,Michael Conrad,Credit Card
SL00335,M040,S0506,2022-08-07,86430.58,Ethan Smith,Bank Transfer
SL00336,M030,S0939,2024-01-21,98526.02,Adam Adams,Credit Card
SL00337,M035,S0671,2022-07-07,34535.31,Ricardo Johnson,Credit Card
SL00338,M027,S0648,2023-05-19,57530.41,Jody Nash,Credit Card
SL00339,M038,S0516,2022-06-16,88413.86,Taylor Thornton,Bank Transfer
SL00340,M028,S0929,2022-09-12,98457.99,Tonya Leon,Cash
SL00341,M007,S0903,2023-08-09,50921.89,Carrie Rojas,Credit Card
SL00342,M003,S0560,2022-12-08,24348.66,Matthew Wood,Bank Transfer
SL00343,M016,S0963,2023-05-26,37156.04,Nicole Braun,Cash
SL00344,M010,S0348,2023-02-22,97465.91,Jennifer Huynh,Bank Transfer
SL00345,M024,S0271,2023-09-21,68339.29,Barbara Ross,Bank Transfer
SL00346,M014,S0062,2022-11-28,23359.29,Amanda Young,Credit Card
SL00347,M050,S0239,2022-06-20,57330.08,Mark Moore,Bank Transfer
SL00348,M018,S0301,2023-07-06,56041.08,Kristen Miller,Cash
SL00349,M006,S0558,2022-11-18,90531.39,Loretta Robinson,Bank Transfer
SL00350,M013,S0074,2024-01-12,49179.39,Daniel Harrison,Credit Card
SL00351,M003,S0337,2023-10-07,20773.98,Elizabeth Simpson,Credit Card
SL00352,M028,S0284,2022-07-04,80352.38,Michael Yang,Bank Transfer
SL00353,M003,S0682,2022-12-23,26354.33,Casey Juarez,Cash
SL00354,M040,S0731,2023-12-27,33082.45,Jennifer Osborne,Bank Transfer
SL00355,M020,S0496,2024-01-11,51992.9,Roger Medina DDS,Credit Card
SL00356,M025,S0996,2023-09-30,76912.89,Jordan Saunders,Bank Transfer
SL00357,M018,S0210,2023-04-12,95119.54,Anthony Reed,Credit Card
SL00358,M024,S0935,2022-12-05,40669.44,Calvin Mccarthy,Cash
SL00359,M031,S0718,2022-06-20,98564.98,Thomas Williams,Bank Transfer
SL00360,M044,S0547,2023-04-17,86214.78,Wanda Pennington,Credit Card
SL00361,M027,S0890,2023-12-22,71318.83,Brittany Castillo,Bank Transfer
SL00362,M013,S0895,2022-08-15,27835.19,Timothy Gonzalez,Credit Card
SL00363,M006,S0272,2024-02-20,80362.76,Dustin Lane,Bank Transfer
SL00364,M047,S0046,2022-09-08,82117.08,Dan Holloway,Bank Transfer
SL00365,M026,S0683,2022-07-18,24518.07,Pamela Stevens,Credit Card
SL00366,M044,S0504,2022-04-30,30592.51,Melinda Castillo,Cash
SL00367,M006,S0845,2023-08-13,29952.86,Gloria Waters,Bank Transfer
SL00368,M006,S0944,2023-10-20,40469.98,Patricia Meadows,Credit Card
SL00369,M028,S0654,2023-04-26,62158.46,Clarence Martin,Bank Transfer
SL00370,M008,S0047,2023-08-21,60753.48,Courtney Mcdonald,Cash
SL00371,M044,S0228,2023-03-07,55847.89,Pamela Anderson,Bank Transfer
SL00372,M015,S0868,2023-08-16,90390.86,Carlos Vasquez PhD,Bank Transfer
SL00373,M008,S0796,2024-02-05,32611.96,Barbara Bowers,Cash
SL00374,M002,S0744,2023-02-25,90489.59,Zachary Jones,Credit Card
SL00375,M041,S0417,2024-01-06,86384.85,Lucas Morse,Credit Card
SL00376,M029,S0496,2022-12-13,57673.35,Jean Andrews,Bank Transfer
SL00377,M025,S0454,2024-03-01,43647.33,Connor Logan,Bank Transfer
SL00378,M028,S0427,2023-10-29,73679.61,Troy Smith,Bank Transfer
SL00379,M034,S0157,2022-12-14,62470.37,Pamela Mitchell,Credit Card
SL00380,M021,S0211,2022-05-11,32602.27,Matthew Clark,Bank Transfer
SL00381,M039,S0773,2023-12-04,90601.84,Zachary Whitaker,Bank Transfer
SL00382,M020,S0609,2023-01-03,92545.73,Scott Bolton,Bank Transfer
SL00383,M007,S0470,2022-05-12,73320.26,Robert Fletcher,Credit Card
SL00384,M033,S0430,2022-04-08,54103.03,Mark Nelson,Credit Card
SL00385,M004,S0804,2022-03-21,48021.67,Sarah Johnson,Cash
SL00386,M020,S0639,2023-06-19,77804.31,Brandi Farrell,Bank Transfer
SL00387,M047,S0011,2023-12-16,35582.86,Amber Brooks,Bank Transfer
SL00388,M039,S0937,2023-12-13,25846.22,Sarah Mcdonald,Credit Card
SL00389,M042,S0274,2023-09-29,67091.82,Kari Ellis,Cash
SL00390,M014,S0992,2022-09-10,67459.86,Brandon Khan,Credit Card
SL00391,M017,S0168,2022-05-23,51133.48,Anthony Bailey,Bank Transfer
SL00392,M004,S0702,2023-06-28,65499.71,Tina Johnston,Credit Card
SL00393,M022,S0283,2022-12-23,46402.31,Margaret Peterson,Cash
SL00394,M048,S0219,2022-11-18,60258.46,Cynthia Parker,Credit Card
SL00395,M005,S0100,2022-05-07,46056.93,Barbara Solis,Cash
SL00396,M024,S0937,2023-06-29,45295.38,Blake Allen,Bank Transfer
SL00397,M003,S0943,2023-10-27,55709.05,Joshua Small,Bank Transfer
SL00398,M022,S0357,2022-11-24,61044.41,Jamie Watson,Cash
SL00399,M039,S0802,2022-05-11,34784.94,Heather Nichols,Credit Card
SL00400,M047,S0687,2023-10-05,50186.27,Eric Brown,Bank Transfer
SL00401,M028,S0591,2023-01-04,81388.06,Samantha Adams,Bank Transfer
SL00402,M008,S0962,2023-07-10,79029.64,Alan Herring,Credit Card
SL00403,M022,S0764,2023-05-11,23156.46,Anna Sanders,Cash
SL00404,M036,S0029,2022-05-12,69628.34,Andrea Castillo,Cash
SL00405,M039,S0628,2024-03-04,99898.7,Alex Mitchell,Credit Card
SL00406,M006,S0090,2022-07-16,61353.89,Rachel Russo,Credit Card
SL00407,M017,S0940,2022-11-05,33611.9,Samantha Vasquez,Bank Transfer
SL00408,M045,S0179,2024-03-16,71569.94,Thomas Davis,Bank Transfer
SL00409,M017,S0254,2022-10-10,55418.58,Amy Frank,Bank Transfer
SL00410,M025,S0913,2023-05-29,35785.84,John Jones,Bank Transfer
SL00411,M013,S0694,2023-03-14,27648.17,Marc Ruiz,Cash
SL00412,M016,S0217,2023-04-11,34092.01,Brittany Casey,Credit Card
SL00413,M025,S0189,2023-08-01,97695.32,Diane Perez,Credit Card
SL00414,M015,S0877,2024-01-17,62584.43,Kelsey Rojas,Bank Transfer
SL00415,M025,S0828,2023-01-01,93099.68,Stacey Huff,Cash
SL00416,M031,S0678,2022-08-02,41440.82,Leslie Hall,Bank Transfer
SL00417,M017,S0788,2024-01-24,96439.92,Chelsea Taylor,Cash
SL00418,M010,S0866,2023-04-01,63193.65,Kristen Anderson,Cash
SL00419,M004,S0457,2023-01-23,93026.23,Jennifer Higgins,Cash
SL00420,M050,S0885,2023-11-24,37261.04,Kimberly Thompson,Credit Card
SL00421,M014,S0470,2022-08-29,28897.5,Holly Jones,Bank Transfer
SL00422,M013,S0128,2023-04-12,20745.68,Brenda Fox,Cash
SL00423,M047,S0272,2022-04-01,35618.26,Susan Jones,Bank Transfer
SL00424,M016,S0414,2022-04-24,83713.34,Emma Townsend,Credit Card
SL00425,M018,S0331,2022-06-09,78502.16,Walter Montoya,Credit Card
SL00426,M002,S0811,2022-08-06,66756.15,Ronald Fuller,Cash
SL00427,M035,S0787,2023-03-16,25331.01,Caitlyn Yates,Cash
SL00428,M010,S0669,2023-04-17,54128.09,Destiny Frederick,Cash
SL00429,M014,S0521,2022-12-04,56358.53,Lisa Silva,Credit Card
SL00430,M024,S0993,2023-02-22,76026.72,Rebecca Gonzalez,Credit Card
SL00431,M042,S0661,2022-09-09,32855.94,Aaron Parker,Bank Transfer
SL00432,M006,S0797,2023-12-01,62918.07,Theodore Foster,Cash
SL00433,M046,S0414,2023-03-09,87512.45,Molly Sheppard,Bank Transfer
SL00434,M044,S0165,2022-07-16,66838.82,Jimmy Hebert,Credit Card
SL00435,M026,S0902,2023-11-14,43046.42,Joshua Perez,Bank Transfer
SL00436,M016,S0996,2023-12-12,48088.27,Michael Barber,Credit Card
SL00437,M012,S0955,2023-09-03,91072.77,Stephen Jones,Credit Card
SL00438,M016,S0937,2022-03-30,46411.02,Jessica Gordon,Credit Card
SL00439,M046,S0255,2023-02-17,80389.95,Matthew Frey,Cash
SL00440,M022,S0847,2024-02-21,72607.1,Jennifer Scott,Cash
SL00441,M012,S0056,2023-06-25,72548.04,David Lopez,Bank Transfer
SL00442,M033,S0975,2024-01-13,69830.22,Mitchell Nguyen,Bank Transfer
SL00443,M031,S0654,2022-12-13,26291.25,Todd Bradley,Cash
SL00444,M044,S0390,2022-05-28,44120.33,Hayley Moore,Credit Card
SL00445,M021,S0536,2022-06-25,82700.6,Mr. Christopher Cardenas,Cash
SL00446,M041,S0027,2022-04-12,69077.74,Jill Rodriguez,Cash
SL00447,M025,S0060,2022-03-28,93859.33,Donna Henderson,Cash
SL00448,M046,S0435,2023-09-18,68404.48,James Franklin,Bank Transfer
SL00449,M045,S0456,2023-03-28,61406.56,Darrell Steele,Credit Card
SL00450,M032,S0663,2023-09-22,23171.8,Justin Jenkins,Bank Transfer
SL00451,M001,S0717,2023-10-11,26256.33,Regina Gill,Credit Card
SL00452,M037,S0755,2023-09-25,71123.43,Samantha Hansen,Cash
SL00453,M045,S0455,2024-01-04,46634.5,Ryan Jordan,Cash
SL00454,M043,S0449,2023-05-08,75514.06,Michael Sawyer,Bank Transfer
SL00455,M032,S0914,2023-04-23,96686.67,Michael Vasquez,Credit Card
SL00456,M002,S0110,2022-11-06,96289.47,Amanda Pugh,Bank Transfer
SL00457,M006,S0371,2023-02-07,58057.39,Matthew Cox,Bank Transfer
SL00458,M038,S0977,2024-01-15,63810.5,Matthew Flores,Cash
SL00459,M049,S0393,2022-10-24,24238.93,Joshua Brown,Bank Transfer
SL00460,M039,S0508,2023-12-09,23946.03,Ronald Vega,Credit Card
SL00461,M023,S0368,2023-12-05,69163.18,Nicole Woodward,Credit Card
SL00462,M048,S0254,2022-03-23,42729.12,Wendy Lewis,Cash
SL00463,M011,S0255,2023-11-05,53077.44,Christopher Koch,Credit Card
SL00464,M023,S0041,2023-01-10,85439.58,Karen Munoz,Credit Card
SL00465,M006,S0404,2023-06-23,98769.3,Kathryn Carroll,Bank Transfer
SL00466,M010,S0414,2023-11-16,87618.72,Andrew Greene,Cash
SL00467,M049,S0750,2023-03-31,41839.4,Matthew Herrera,Bank Transfer
SL00468,M007,S0627,2022-09-06,83963.57,Susan Ferguson,Cash
SL00469,M024,S0118,2023-08-02,36368.29,Kaitlyn Foster,Bank Transfer
SL00470,M047,S0589,2022-07-10,32260.38,Douglas Arroyo,Bank Transfer
SL00471,M029,S0277,2023-10-07,39906.43,Sean Morgan,Cash
SL00472,M046,S0522,2022-07-03,29066.69,Micheal Williams,Bank Transfer
SL00473,M035,S0087,2023-11-01,71509.33,Matthew Mitchell,Credit Card
SL00474,M015,S0182,2023-03-22,28480.93,Cynthia Rodgers,Cash
SL00475,M049,S0364,2023-05-11,50654.69,John Walker,Bank Transfer
SL00476,M004,S0097,2023-07-10,85745.13,Sue Hamilton,Bank Transfer
SL00477,M018,S0512,2022-10-29,51452.81,Lisa Bowman,Cash
SL00478,M009,S0909,2022-10-06,90047.46,Daniel Acevedo,Cash
SL00479,M031,S0635,2022-11-05,93003.79,Jonathan Harris,Cash
SL00480,M003,S0724,2023-08-10,73945.21,Erin Black,Cash
SL00481,M033,S0952,2022-11-14,93459.55,David Cortez,Credit Card
SL00482,M030,S0676,2024-01-19,39332.21,Mary Vaughan,Credit Card
SL00483,M018,S0560,2023-10-03,68070.58,Jennifer Proctor,Credit Card
SL00484,M014,S0902,2023-03-04,93651.45,Stacy Mckinney,Cash
SL00485,M007,S0113,2022-07-17,62139.61,Bob Wilkerson,Bank Transfer
SL00486,M038,S0951,2022-05-19,80380.92,Michael Bean,Bank Transfer
SL00487,M022,S0892,2024-03-16,65929.37,Robert Green,Cash
SL00488,M022,S0715,2022-08-23,60876.21,Justin Miller,Bank Transfer
SL00489,M050,S0680,2023-07-22,33856.42,Heidi Smith,Credit Card
SL00490,M010,S0830,2023-06-19,79595.51,Gary Hoover,Bank Transfer
SL00491,M027,S0541,2023-08-22,38535.32,Kevin Schultz,Cash
SL00492,M042,S0605,2023-01-18,94787.14,John Clark,Cash
SL00493,M032,S0064,2022-06-27,72922.77,Meghan Houston,Bank Transfer
SL00494,M041,S0670,2023-09-05,68694.1,Juan Hanson,Cash
SL00495,M035,S0168,2023-09-08,45988.2,James Buchanan,Bank Transfer
SL00496,M015,S0114,2024-02-12,26098.98,Ann White,Bank Transfer
SL00497,M043,S0084,2022-07-14,34706.65,Jessica Travis,Credit Card
SL00498,M046,S0362,2023-08-20,52536.96,Anthony Bass,Bank Transfer
SL00499,M003,S0097,2023-07-13,79840.64,Monica Farley,Credit Card
SL00500,M025,S0474,2023-08-22,48465.45,Jacqueline Christensen,Bank Transfer
SL00501,M014,S0997,2023-02-01,93737.65,John Francis,Bank Transfer
SL00502,M027,S0546,2022-04-16,33437.59,Matthew Baker,Bank Transfer
SL00503,M002,S0691,2023-02-28,84302.36,Stephanie Daniel,Credit Card
SL00504,M041,S0775,2023-09-11,95710.13,Kimberly Cruz,Bank Transfer
SL00505,M021,S0862,2022-05-10,37411.2,Nicholas Adams,Credit Card
SL00506,M037,S0825,2023-10-25,77252.64,John Walker,Bank Transfer
SL00507,M016,S0672,2023-05-16,66141.75,Stacey Avery,Cash
SL00508,M039,S0282,2022-05-04,32025.67,Sean Knox,Cash
SL00509,M005,S0250,2022-04-28,82106.39,David Kaufman,Cash
SL00510,M048,S0265,2023-08-27,89218.02,Natalie Shaffer,Credit Card
SL00511,M026,S0672,2022-06-09,29320.22,Michael Meyer,Bank Transfer
SL00512,M001,S0439,2022-11-21,27073.21,Craig Brown,Cash
SL00513,M024,S0479,2024-02-02,80617.26,Raymond Romero,Cash
SL00514,M040,S0687,2023-12-03,36421.6,William Olson,Bank Transfer
SL00515,M028,S0457,2023-11-06,62978.99,Kelly Anderson,Cash
SL00516,M043,S0978,2024-01-17,56645.06,Kelly Steele,Bank Transfer
SL00517,M029,S0360,2023-05-24,50981.34,Kelly Davis,Bank Transfer
SL00518,M017,S0328,2023-11-30,55655.05,Jonathan Briggs,Bank Transfer
SL00519,M013,S0876,2022-11-29,96929.56,Melissa Foster,Bank Transfer
SL00520,M007,S0573,2023-09-21,48189.35,Brian Myers,Cash
SL00521,M032,S0416,2022-07-29,30044.11,Melissa Brown,Credit Card
SL00522,M045,S0173,2022-12-29,64841.03,Sydney Saunders,Credit Card
SL00523,M002,S0629,2022-05-27,91867.03,Felicia Navarro,Cash
SL00524,M005,S0762,2023-09-28,70527.35,John Weber,Credit Card
SL00525,M029,S0766,2022-08-18,91006.32,Julie Cervantes,Credit Card
SL00526,M047,S0067,2023-03-14,85743.72,Bonnie Lopez,Credit Card
SL00527,M049,S0837,2023-06-28,78721.95,Taylor Baker,Bank Transfer
SL00528,M040,S0569,2023-01-15,48464.57,David Castro,Credit Card
SL00529,M028,S0058,2023-04-22,92955.3,Allison Nguyen,Credit Card
SL00530,M011,S0239,2022-04-07,33727.71,Christopher Meyer,Cash
SL00531,M043,S0457,2023-02-13,90902.99,Mrs. Mallory Ingram,Credit Card
SL00532,M006,S0099,2022-04-09,92748.68,Laura Anthony,Cash
SL00533,M036,S0159,2023-05-30,41841.17,Kristine Smith,Credit Card
SL00534,M020,S0826,2023-01-25,25059.3,Michael Carter,Bank Transfer
SL00535,M047,S0810,2022-11-11,46147.82,Kevin Anderson,Credit Card
SL00536,M039,S0427,2023-10-08,31770.03,Jennifer Bernard,Cash
SL00537,M027,S0939,2022-08-03,79154.74,Ryan Campbell,Cash
SL00538,M014,S0634,2023-11-04,71128.51,Brandon Ramos,Bank Transfer
SL00539,M013,S0807,2022-11-11,40287.99,David Torres MD,Bank Transfer
SL00540,M014,S0107,2023-03-20,43492.9,Jeff Gonzalez,Bank Transfer
SL00541,M023,S0902,2023-10-27,27341.6,Mitchell Nelson,Cash
SL00542,M023,S0494,2022-10-27,40216.04,Angela Hicks,Bank Transfer
SL00543,M037,S0191,2022-08-20,77021.52,Edward Frazier,Cash
SL00544,M034,S0967,2022-06-01,34173.54,Michelle Glover,Cash
SL00545,M030,S0478,2023-09-13,75030.16,Scott Wilson,Bank Transfer
SL00546,M031,S0271,2023-09-10,57838.36,Nicole Robertson,Cash
SL00547,M019,S0847,2023-10-04,93184.11,Jeremy Daniels,Bank Transfer
SL00548,M041,S0117,2023-09-25,50051.53,Shane Cortez,Credit Card
SL00549,M043,S0438,2023-12-20,37074.53,Kayla Flynn,Cash
SL00550,M042,S0277,2024-03-03,89995.06,Jason Miller,Credit Card
SL00551,M015,S0753,2023-11-17,84402.47,Brent Hernandez,Bank Transfer
SL00552,M016,S0638,2024-02-24,75532.4,Brian Madden,Cash
SL00553,M042,S0314,2023-08-09,60526.65,Cody Serrano,Cash
SL00554,M034,S0152,2022-10-07,86619.28,Michelle Edwards,Cash
SL00555,M005,S0785,2022-06-07,84071.26,Carl Clements,Cash
SL00556,M026,S0748,2023-09-17,49915.17,Mrs. Linda Clark,Credit Card
SL00557,M009,S0397,2023-04-04,44376.03,Todd Hicks,Cash
SL00558,M006,S0469,2022-11-06,52622.11,Joshua Coleman,Bank Transfer
SL00559,M033,S0215,2023-11-29,98301.92,Vincent Leonard,Credit Card
SL00560,M025,S0411,2024-02-28,63455.73,David Price,Bank Transfer
SL00561,M003,S0473,2022-05-11,30399.04,Joshua Warren,Cash
SL00562,M036,S0441,2023-08-31,94981.83,Richard Johnson,Credit Card
SL00563,M017,S0638,2022-07-04,23979.08,Richard Baker,Credit Card
SL00564,M004,S0386,2023-12-19,65547.61,Brian Galvan,Cash
SL00565,M020,S0399,2022-12-15,97895.69,Matthew Walsh,Cash
SL00566,M036,S0836,2023-05-22,20067.83,Brandon Bell,Bank Transfer
SL00567,M011,S0742,2024-01-09,61654.62,Melissa Short,Credit Card
SL00568,M002,S0998,2023-05-31,89180.66,Jeffrey Steele,Cash
SL00569,M039,S0569,2023-10-08,42946.2,Ashley Watson,Bank Transfer
SL00570,M045,S0466,2023-12-26,49794.36,Jamie Young,Cash
SL00571,M003,S0402,2023-12-25,36406.18,William Rivera,Cash
SL00572,M009,S0185,2023-06-14,46837.65,Robert Yates,Bank Transfer
SL00573,M022,S0767,2023-08-03,39582.8,Tara Jones,Bank Transfer
SL00574,M028,S0716,2023-01-12,26406.49,Mallory Montoya,Bank Transfer
SL00575,M041,S0099,2022-06-08,83962.41,Jordan Williams,Credit Card
SL00576,M040,S0014,2024-02-09,26004.76,Stacey Miranda,Credit Card
SL00577,M005,S0559,2022-06-19,36980.22,Thomas Woods,Credit Card
SL00578,M040,S0549,2023-11-05,23442.88,Mr. Michael Miller PhD,Cash
SL00579,M019,S0969,2023-05-30,44494.37,Kevin Richardson,Bank Transfer
SL00580,M035,S0857,2023-12-12,48542.24,Angela Crawford,Credit Card
SL00581,M004,S0053,2022-12-01,83478.31,Gloria Garcia,Bank Transfer
SL00582,M032,S0745,2023-01-12,39441.98,Tiffany Johnson,Credit Card
SL00583,M027,S0187,2023-10-31,41735.02,Jason Jackson,Bank Transfer
SL00584,M032,S0692,2023-06-23,62844.47,Emily Duarte,Cash
SL00585,M001,S0206,2023-07-11,72399.45,Peter Johnson,Credit Card
SL00586,M047,S0460,2022-10-10,84773.1,Gary Barber,Bank Transfer
SL00587,M004,S0581,2022-06-05,22944.38,Heidi Green,Credit Card
SL00588,M027,S0186,2024-03-09,90663.8,Donald Stevens,Cash
SL00589,M018,S0566,2023-08-27,27877.05,Anna Lopez,Credit Card
SL00590,M001,S0201,2022-06-09,44909.46,Ashley Campbell,Credit Card
SL00591,M034,S0852,2022-08-27,60471.94,John Vasquez,Cash
SL00592,M045,S0277,2022-12-08,27380.24,James Valenzuela,Bank Transfer
SL00593,M002,S0795,2022-10-24,60692.89,Stephanie Perez,Bank Transfer
SL00594,M036,S0741,2024-01-24,65784.99,Joshua Montgomery,Cash
SL00595,M050,S0151,2023-10-30,61469.73,Cynthia Flores,Cash
SL00596,M050,S0873,2022-11-26,89765.65,Luis Macias,Bank Transfer
SL00597,M032,S0791,2022-04-02,79536.31,Donald Choi,Credit Card
SL00598,M012,S0013,2022-04-04,25000.28,Cody Williams,Bank Transfer
SL00599,M048,S0513,2022-04-13,96910.09,Kathleen Golden,Cash
SL00600,M006,S0620,2022-07-21,49311.27,Charles Ferguson,Cash
SL00601,M019,S0756,2022-04-21,99761.27,Erik Lewis,Credit Card
SL00602,M034,S0801,2022-08-20,51108.99,Chad Lewis,Cash
SL00603,M019,S0898,2023-01-02,26876.88,Nancy Beck,Bank Transfer
SL00604,M045,S0038,2023-12-28,61847.01,Michael Hurst,Cash
SL00605,M016,S0506,2022-12-07,50686.74,Timothy Brooks,Bank Transfer
SL00606,M015,S0034,2022-09-27,26997.12,Thomas Gregory,Cash
SL00607,M035,S0644,2023-09-04,45866.39,Kristi Schwartz,Bank Transfer
SL00608,M049,S0106,2022-06-05,93434.61,Nicholas Riley,Credit Card
SL00609,M040,S0399,2022-12-23,21745.25,Austin Porter,Bank Transfer
SL00610,M015,S0099,2022-08-26,24783.52,Charles Powell,Credit Card
SL00611,M044,S0141,2024-03-13,46234.83,Adrienne Wu,Bank Transfer
SL00612,M037,S0788,2022-11-27,34890.31,Kellie Johnson,Bank Transfer
SL00613,M003,S0645,2024-01-16,80566.03,Garrett Garrett,Credit Card
SL00614,M048,S0918,2022-04-22,65173.15,Dr. Michael Serrano II,Credit Card
SL00615,M047,S0569,2023-05-06,42960.63,Shawn Preston PhD,Bank Transfer
SL00616,M040,S0719,2022-12-15,88503.37,Vickie Montes,Cash
SL00617,M025,S0168,2023-11-09,35831.15,Antonio Mcclure,Cash
SL00618,M029,S0970,2023-12-18,98030.41,Timothy Gibson,Credit Card
SL00619,M049,S0425,2022-05-13,45874.89,Andrew Bond,Bank Transfer
SL00620,M037,S0460,2023-09-25,68775.8,Charles Gonzalez,Credit Card
SL00621,M027,S0212,2023-12-17,57977.99,Kimberly Jensen,Credit Card
SL00622,M006,S0746,2023-05-03,81947.31,Daniel Taylor,Bank Transfer
SL00623,M041,S0540,2024-02-09,98008.27,Monica Simpson,Credit Card
SL00624,M039,S0681,2023-01-03,49172.81,Veronica Powell,Credit Card
SL00625,M032,S0107,2022-03-31,32371.66,Kathleen White,Bank Transfer
SL00626,M050,S0981,2023-09-08,47648.14,Michael Stanton,Cash
SL00627,M028,S0696,2023-12-11,38517.2,Heidi Gutierrez,Cash
SL00628,M028,S0533,2023-07-04,66985.73,Emily Ayers,Cash
SL00629,M021,S0188,2023-03-14,67479.65,Kristen Gallagher,Bank Transfer
SL00630,M032,S0385,2022-03-24,75591.61,James Ramsey,Credit Card
SL00631,M036,S0455,2022-04-17,83999.21,Veronica Wilson,Bank Transfer
SL00632,M001,S0784,2023-04-11,70608.78,Calvin Hines,Credit Card
SL00633,M010,S0275,2022-09-17,21353.54,David Mckay,Credit Card
SL00634,M018,S0088,2022-09-11,97165.87,Adrian Anderson,Cash
SL00635,M011,S0344,2023-10-31,58670.11,Hannah Griffith,Bank Transfer
SL00636,M016,S0228,2023-02-09,20795.9,Ashley Griffin,Cash
SL00637,M031,S0815,2023-12-13,75761.43,Anna Anthony,Credit Card
SL00638,M031,S0034,2023-01-14,68832.73,Justin Green,Credit Card
SL00639,M045,S0692,2022-12-18,23339.01,Ruben Smith,Bank Transfer
SL00640,M039,S0126,2022-10-02,40393.26,Steven Casey,Bank Transfer
SL00641,M017,S0841,2022-08-03,20675.38,Cynthia Robles,Credit Card
SL00642,M041,S0652,2024-03-16,73832.35,Glenn Olson,Bank Transfer
SL00643,M048,S0014,2022-05-22,73635.05,Matthew Fuller,Credit Card
SL00644,M008,S0689,2022-12-10,46838.96,Allen Williams,Cash
SL00645,M031,S0310,2023-05-30,84215.87,Yvette Cook,Credit Card
SL00646,M003,S0735,2023-01-31,31298.7,Gina Ruiz MD,Cash
SL00647,M002,S0695,2023-03-26,78473.01,Sarah Dean,Bank Transfer
SL00648,M039,S0695,2022-07-06,34807.88,Julie Hester,Credit Card
SL00649,M038,S0916,2023-04-05,57418.6,Adam Wolf,Cash
SL00650,M022,S0879,2023-03-19,59217.06,Christopher Phillips,Credit Card
SL00651,M003,S0226,2024-02-28,95159.86,Ashley Williams,Bank Transfer
SL00652,M040,S0110,2023-04-17,97815.8,Anita Harrison,Credit Card
SL00653,M022,S0260,2023-11-14,65384.18,Kyle Terry,Credit Card
SL00654,M014,S0907,2022-04-10,46493.98,Rachel Morgan,Cash
SL00655,M031,S0026,2022-10-12,71651.62,Ellen Patterson,Credit Card
SL00656,M013,S0616,2022-09-17,65276.15,Melissa Anderson,Credit Card
SL00657,M049,S0587,2023-09-02,39608.27,Jennifer Pham,Credit Card
SL00658,M014,S0357,2022-07-06,53586.3,Brian Johns,Bank Transfer
SL00659,M044,S0124,2023-06-21,54070.91,Cynthia Roman,Cash
SL00660,M042,S0518,2023-05-29,39849.49,Dustin Rollins,Cash
SL00661,M040,S0756,2023-06-12,83274.97,Connie Harris,Cash
SL00662,M023,S0515,2023-08-03,25571.74,Anthony Rodriguez,Cash
SL00663,M045,S0811,2023-02-26,81658.89,Lisa Riggs,Credit Card
SL00664,M026,S0304,2022-10-24,67906.3,Jerome Ford,Cash
SL00665,M001,S0406,2022-05-24,39556.11,Jordan Richards,Cash
SL00666,M009,S0956,2022-05-17,92150.19,Clayton Ford,Bank Transfer
SL00667,M028,S0792,2022-12-21,84130.16,Xavier Berg,Credit Card
SL00668,M050,S0133,2023-12-11,35383.4,Jennifer Ayers,Bank Transfer
SL00669,M035,S0858,2023-12-04,98960.58,Timothy Mason,Bank Transfer
SL00670,M031,S0786,2022-05-21,48364.03,Larry Coleman,Bank Transfer
SL00671,M009,S0057,2024-01-27,22342.57,Connie Montoya,Credit Card
SL00672,M025,S0986,2023-01-12,61509.53,Patrick Quinn,Bank Transfer
SL00673,M012,S0859,2023-12-25,58117.47,Frederick Ramirez,Cash
SL00674,M009,S0099,2023-07-15,73553.14,Katherine Chambers,Bank Transfer
SL00675,M013,S0413,2023-06-21,95298.37,Sarah Burns,Credit Card
SL00676,M005,S0399,2023-03-23,92563.3,Joe Garcia,Credit Card
SL00677,M027,S0723,2022-06-07,98390.86,Michael Harris,Bank Transfer
SL00678,M002,S0478,2022-09-13,30165.93,Jennifer Lane,Credit Card
SL00679,M049,S0546,2024-02-16,55930.71,Cameron Mejia,Credit Card
SL00680,M017,S0715,2023-03-23,44122.27,Heather Neal,Cash
SL00681,M009,S0715,2022-12-25,88015.54,Robert Morris Jr.,Bank Transfer
SL00682,M031,S0849,2022-04-15,79943.14,Anthony Martinez,Credit Card
SL00683,M042,S0306,2023-08-23,38551.31,Ricky Robles,Bank Transfer
SL00684,M027,S0944,2023-04-05,97855.29,Kristie Jimenez,Bank Transfer
SL00685,M002,S0220,2023-03-24,57744.31,Audrey Davis,Credit Card
SL00686,M049,S0487,2023-10-12,79903.69,Julie Wagner,Bank Transfer
SL00687,M010,S0921,2022-04-04,74978.55,Amanda Wagner,Credit Card
SL00688,M003,S0136,2023-11-18,46779.25,Tamara Sanchez,Bank Transfer
SL00689,M014,S0289,2024-02-18,45631.65,Jennifer Wallace,Bank Transfer
SL00690,M010,S0847,2022-09-11,39869.55,Susan Rodriguez,Credit Card
SL00691,M038,S0194,2022-07-20,96845.23,Diana Ross,Credit Card
SL00692,M025,S0224,2022-06-29,76964.68,Lisa Houston,Cash
SL00693,M035,S0083,2023-11-12,49348.79,Robert Santiago,Bank Transfer
SL00694,M005,S0828,2022-05-07,70712.11,Linda Mendez,Cash
SL00695,M043,S0129,2022-06-03,48216.83,Daniel Doyle,Bank Transfer
SL00696,M008,S0612,2024-01-12,68637.04,Thomas Thompson,Cash
SL00697,M050,S0190,2023-02-20,63853.22,Joshua Gillespie,Credit Card
SL00698,M048,S0142,2022-09-25,45524.51,Christopher Thompson,Credit Card
SL00699,M040,S0263,2023-08-31,98373.64,Beverly Garcia MD,Bank Transfer
SL00700,M014,S0369,2022-11-18,53457.02,Jorge Monroe,Credit Card
SL00701,M049,S0607,2023-06-25,68497.98,Erik Solis,Bank Transfer
SL00702,M030,S0081,2022-05-30,39854.41,Timothy Solis,Cash
SL00703,M050,S0204,2024-03-20,34358.07,Priscilla Ellis,Cash
SL00704,M021,S1000,2024-03-03,91605.19,Claire Romero,Cash
SL00705,M045,S0935,2022-04-10,83270.33,Kimberly Preston,Credit Card
SL00706,M050,S0929,2023-11-12,46578.55,Juan Henry,Cash
SL00707,M030,S0924,2022-04-15,45589.2,Sabrina Hayes,Bank Transfer
SL00708,M034,S0960,2023-11-16,36684.41,Matthew Jensen,Credit Card
SL00709,M017,S0355,2024-03-01,83741.66,Shelia Novak,Credit Card
SL00710,M006,S0499,2022-08-15,86236.12,Michelle Horn,Cash
SL00711,M050,S0436,2023-09-14,85572.92,April Herrera,Cash
SL00712,M004,S0588,2023-02-03,69448.36,Angela Melton,Credit Card
SL00713,M029,S0325,2022-10-09,43911.7,Megan Thomas,Credit Card
SL00714,M049,S0036,2022-08-19,66020.63,Claire Park,Cash
SL00715,M025,S0814,2023-06-19,26787.4,Jeffrey Kim,Credit Card
SL00716,M023,S0801,2022-06-22,58979.62,Rebekah Crawford,Bank Transfer
SL00717,M004,S0493,2022-04-09,52836.61,Dennis Owens,Bank Transfer
SL00718,M011,S0689,2022-09-18,33556.51,Chad Wilkins,Bank Transfer
SL00719,M038,S0058,2022-03-28,97473.05,Megan Sandoval,Cash
SL00720,M027,S0465,2023-04-26,66035.5,Mr. Richard Burke,Cash
SL00721,M019,S0690,2022-09-10,84024.98,William Gonzalez,Bank Transfer
SL00722,M027,S0969,2022-06-28,72601.98,Alexander Perez,Credit Card
SL00723,M004,S0236,2022-08-12,72206.8,Gavin Williams,Credit Card
SL00724,M020,S0843,2023-09-13,40780.21,Gary Graham,Cash
SL00725,M036,S0970,2022-07-23,78325.01,Brian Brown,Bank Transfer
SL00726,M021,S0766,2023-12-16,49825.09,Sarah Melendez,Cash
SL00727,M028,S0807,2023-01-20,99501.33,Scott Medina,Credit Card
SL00728,M033,S0966,2023-07-19,60464.36,Emma Moran,Cash
SL00729,M031,S0737,2023-01-30,93360.79,Monique Mills,Credit Card
SL00730,M015,S0698,2022-07-09,27165.54,Cameron Perry,Credit Card
SL00731,M003,S0906,2022-10-22,42101.59,Norma Morrison,Bank Transfer
SL00732,M014,S0108,2022-08-24,80147.7,Michelle Brown,Bank Transfer
SL00733,M025,S0842,2023-11-23,49043.08,Kathy Foster,Cash
SL00734,M043,S0499,2023-01-26,41817.83,Christopher Duke,Credit Card
SL00735,M016,S0780,2023-11-05,31927.95,Danielle Hernandez,Cash
SL00736,M008,S0365,2023-12-02,50709.27,April Simmons,Credit Card
SL00737,M024,S0994,2023-11-22,48638.09,Albert Kelly,Bank Transfer
SL00738,M048,S0042,2023-06-09,82363.16,Jacob Davis,Bank Transfer
SL00739,M022,S0742,2024-02-14,32863.51,William Johnson,Cash
SL00740,M007,S0705,2023-05-08,83417.44,David Arnold,Cash
SL00741,M007,S0400,2023-04-04,39366.43,Mrs. Mary Ray,Bank Transfer
SL00742,M016,S0105,2023-07-12,43406.4,Steven Jenkins,Bank Transfer
SL00743,M050,S0603,2023-04-16,67622.34,Kathryn Barnes,Bank Transfer
SL00744,M015,S0152,2023-11-21,95509.38,John Campos,Bank Transfer
SL00745,M004,S0967,2022-12-09,56176.18,Jeffrey Young,Bank Transfer
SL00746,M008,S0217,2022-04-27,29043.24,Catherine Gates,Bank Transfer
SL00747,M035,S0087,2023-05-08,23743.81,Lisa Allen,Cash
SL00748,M004,S0331,2023-02-11,95663.39,David Wheeler,Credit Card
SL00749,M042,S0602,2022-11-01,29494.26,Kenneth Griffith,Cash
SL00750,M015,S0382,2023-09-11,72445.86,Jeffrey Mckee,Cash
SL00751,M014,S0287,2022-12-04,50333.65,Jenny Phillips,Bank Transfer
SL00752,M037,S0302,2022-07-12,27258.86,Misty Dennis,Credit Card
SL00753,M018,S0056,2022-10-10,79834.22,Christine Owens,Bank Transfer
SL00754,M048,S0684,2022-06-13,73990.01,Danielle Jordan,Cash
SL00755,M041,S0319,2022-09-01,70338.78,John Ross,Credit Card
SL00756,M045,S0880,2022-09-23,52073.48,Elizabeth David,Bank Transfer
SL00757,M018,S0537,2023-10-01,71141.79,William Mullen,Bank Transfer
SL00758,M003,S0512,2022-06-02,51677.77,Shari Bennett,Bank Transfer
SL00759,M029,S0307,2022-10-20,41106.53,Javier Stewart,Credit Card
SL00760,M043,S0763,2022-04-06,63938.2,Justin Brady,Cash
SL00761,M042,S0009,2023-06-24,28028.94,Carrie Tucker,Cash
SL00762,M048,S0236,2024-02-13,30501.28,Randy Brooks,Cash
SL00763,M010,S0180,2022-05-27,75335.52,Pamela Moran,Bank Transfer
SL00764,M005,S0734,2024-01-28,95642.1,William Lang,Bank Transfer
SL00765,M044,S0361,2022-07-12,91874.13,Carolyn Mitchell,Bank Transfer
SL00766,M035,S0485,2023-12-22,95444.16,Ann Mueller,Cash
SL00767,M039,S0259,2023-04-17,65222.27,Amanda Macias,Bank Transfer
SL00768,M019,S0388,2022-07-13,23777.0,Jenna Hernandez,Cash
SL00769,M003,S0572,2023-07-22,34202.18,James Kelly,Bank Transfer
SL00770,M002,S0166,2022-06-04,21253.18,Megan Flores,Credit Card
SL00771,M032,S0272,2022-05-22,44067.82,Bonnie Bryant,Bank Transfer
SL00772,M012,S0666,2023-04-05,97952.56,Michael Baxter,Cash
SL00773,M023,S0815,2022-11-30,34282.41,Daniel Mckee,Bank Transfer
SL00774,M024,S0040,2023-04-18,65401.57,Randy Le,Bank Transfer
SL00775,M042,S0310,2022-05-27,75709.75,Laura Soto,Credit Card
SL00776,M033,S0686,2024-03-18,51728.94,Jason Mosley,Cash
SL00777,M014,S0486,2024-02-08,26713.64,Kathleen Johnson,Credit Card
SL00778,M021,S0791,2023-04-16,32000.63,Joshua Clayton,Bank Transfer
SL00779,M012,S0350,2023-04-03,57387.54,Robert Sutton,Bank Transfer
SL00780,M043,S0645,2023-07-05,62835.17,Joseph Anderson,Cash
SL00781,M040,S0633,2023-05-24,54526.34,Jennifer Sanchez,Bank Transfer
SL00782,M020,S0805,2023-12-02,97395.77,Jamie Keller,Cash
SL00783,M042,S0429,2023-09-26,82042.09,Timothy Brown,Credit Card
SL00784,M023,S0740,2023-10-23,52071.07,Kathleen Alvarez,Bank Transfer
SL00785,M035,S0687,2023-03-11,30786.59,Gary King,Cash
SL00786,M025,S0870,2023-05-22,99485.9,Melissa Velasquez,Bank Transfer
SL00787,M026,S0469,2022-03-31,43889.64,Anita Juarez,Bank Transfer
SL00788,M011,S0508,2023-09-21,55932.1,Tara Hines,Bank Transfer
SL00789,M008,S0631,2024-03-05,32603.42,Dr. Stacy Finley,Cash
SL00790,M045,S0406,2023-08-10,36664.75,Daniel Rodriguez,Bank Transfer
SL00791,M009,S0843,2023-03-06,87609.86,Ashley Brooks,Cash
SL00792,M006,S0638,2022-04-10,70088.74,Elizabeth Sutton,Credit Card
SL00793,M048,S0860,2024-02-26,34693.35,Mary Watson,Credit Card
SL00794,M025,S0979,2023-06-28,24796.12,David Sullivan,Credit Card
SL00795,M020,S0782,2023-04-05,82472.17,Mary Hernandez,Credit Card
SL00796,M049,S0757,2023-02-10,62495.51,Douglas Glass,Credit Card
SL00797,M039,S0594,2022-08-02,86065.23,Tracy Hernandez,Bank Transfer
SL00798,M032,S0888,2023-03-22,58992.17,Christopher Hurst,Credit Card
SL00799,M011,S0323,2023-12-02,79762.8,Jane Adams,Cash
SL00800,M025,S0752,2024-03-09,93035.42,Jamie Williams,Bank Transfer
SL00801,M012,S0862,2022-06-04,34751.88,Sean Reed,Bank Transfer
SL00802,M023,S0384,2022-10-10,32875.86,Mark Schwartz,Credit Card
SL00803,M025,S0231,2022-08-17,44148.0,Stephanie Cole,Credit Card
SL00804,M040,S0163,2023-01-23,93197.07,Melissa Byrd,Credit Card
SL00805,M017,S0526,2022-06-21,51560.93,Emily Martin,Bank Transfer
SL00806,M009,S0651,2022-05-12,49356.78,Thomas Hunter,Bank Transfer
SL00807,M022,S0619,2023-09-08,56411.91,Connie Dougherty,Cash
SL00808,M001,S0658,2023-01-05,75219.56,Christopher Lucero,Bank Transfer
SL00809,M043,S0482,2023-07-12,55259.06,James Caldwell,Bank Transfer
SL00810,M010,S0928,2022-10-19,86869.95,Terrance Silva,Credit Card
SL00811,M017,S0331,2022-09-03,56471.5,Dale Strickland,Bank Transfer
SL00812,M050,S0793,2022-07-03,73887.09,David Welch,Bank Transfer
SL00813,M010,S0009,2022-06-13,79060.78,Tiffany Dunn,Credit Card
SL00814,M004,S0764,2022-12-23,98618.87,Michael Foley,Bank Transfer
SL00815,M024,S0842,2024-01-14,50491.63,Carl Glover,Cash
SL00816,M042,S0292,2022-09-11,96142.22,Susan Keller,Bank Transfer
SL00817,M023,S0769,2024-01-21,38072.73,Michael Chapman,Bank Transfer
SL00818,M013,S0344,2023-10-13,55086.09,Nicole Lee,Bank Transfer
SL00819,M028,S0331,2023-01-29,29953.22,Carrie Carr,Cash
SL00820,M014,S0390,2022-11-07,75351.27,Leonard Woods,Bank Transfer
SL00821,M040,S0215,2022-06-14,40582.31,Paul Martin,Bank Transfer
SL00822,M010,S0628,2022-12-24,77767.73,Mrs. Jennifer Phillips,Credit Card
SL00823,M029,S0292,2022-05-08,94709.5,Kimberly Edwards,Bank Transfer
SL00824,M024,S0296,2023-10-06,45617.74,Kelly Gomez,Bank Transfer
SL00825,M028,S0232,2022-06-21,30778.45,Frank Parrish,Cash
SL00826,M003,S0693,2022-07-20,80343.18,Kenneth Collins,Bank Transfer
SL00827,M014,S0498,2023-11-09,46620.89,Mrs. Stephanie Rodriguez MD,Cash
SL00828,M025,S0577,2023-05-31,42240.06,Karen Perez,Credit Card
SL00829,M044,S0055,2022-11-24,56232.19,William Edwards,Bank Transfer
SL00830,M035,S0132,2022-05-16,68840.5,Paula Newman,Bank Transfer
SL00831,M014,S0961,2024-02-14,90111.64,Sheryl Maddox,Bank Transfer
SL00832,M038,S0255,2022-04-28,25176.15,David Sullivan,Credit Card
SL00833,M002,S0046,2022-10-08,73960.43,Matthew Greene,Bank Transfer
SL00834,M005,S0762,2023-01-06,90285.75,David Byrd,Cash
SL00835,M034,S0325,2023-09-28,89694.46,Jean Alvarado,Bank Transfer
SL00836,M029,S0169,2024-03-17,76618.59,Mrs. Alexandra Carson,Cash
SL00837,M011,S0098,2022-08-29,51526.36,Todd Elliott,Credit Card
SL00838,M006,S0126,2024-02-23,60833.07,Emily Hanson,Cash
SL00839,M006,S0378,2023-08-29,98971.38,Angie Brown,Credit Card
SL00840,M018,S0955,2023-10-03,62929.96,Michael Vega,Bank Transfer
SL00841,M035,S0806,2024-01-26,47966.74,Alexander Dawson,Credit Card
SL00842,M044,S0220,2023-05-29,34024.77,Sharon Crane,Bank Transfer
SL00843,M024,S0672,2023-12-10,96142.85,Scott Jacobson,Bank Transfer
SL00844,M012,S0158,2023-12-09,63522.06,Andrea Jordan,Credit Card
SL00845,M049,S0295,2022-08-04,73070.94,Lindsay Huffman,Credit Card
SL00846,M012,S0580,2022-12-18,51047.37,David Webster,Credit Card
SL00847,M018,S0118,2024-01-21,59271.04,Trevor Pineda,Credit Card
SL00848,M039,S0587,2023-09-25,67227.69,William Kim,Credit Card
SL00849,M013,S0989,2023-05-23,26014.24,John Garcia,Cash
SL00850,M034,S0780,2023-11-21,77705.14,Christopher Thomas,Cash
SL00851,M049,S0832,2023-10-01,27827.54,Jennifer King,Cash
SL00852,M010,S0116,2023-03-23,20676.42,Brittany Clay,Credit Card
SL00853,M002,S0006,2022-06-16,62333.52,Ian Jackson,Cash
SL00854,M011,S0009,2022-10-11,44782.94,John Sanford,Credit Card
SL00855,M003,S0227,2023-08-27,87051.83,Leah Silva,Credit Card
SL00856,M036,S0800,2023-05-16,21884.68,Margaret Mitchell,Credit Card
SL00857,M018,S0308,2022-08-10,81609.66,Crystal Robinson,Cash
SL00858,M048,S0340,2023-01-16,99966.77,Peggy Macdonald,Cash
SL00859,M019,S0273,2022-09-04,67957.09,Jessica Greene,Cash
SL00860,M036,S0311,2022-12-28,76740.71,James Johnson,Bank Transfer
SL00861,M016,S0247,2023-01-11,50058.74,Daniel Henderson,Credit Card
SL00862,M024,S0104,2023-02-03,46995.7,Cindy Harvey,Cash
SL00863,M048,S0640,2023-09-03,61950.31,Ms. Stacey Fields,Cash
SL00864,M002,S0583,2022-06-23,21778.83,David Thomas,Credit Card
SL00865,M030,S0959,2022-03-25,41782.68,Kevin Moore,Cash
SL00866,M039,S0960,2023-09-19,34082.1,Nathan Padilla,Cash
SL00867,M020,S0310,2023-10-21,86009.23,Matthew Johnson,Bank Transfer
SL00868,M041,S0555,2023-05-16,81085.25,Stephanie Wells,Bank Transfer
SL00869,M033,S0452,2022-07-13,38322.01,Christina Vincent,Bank Transfer
SL00870,M027,S0990,2022-05-19,57922.56,Michelle Johnson,Bank Transfer
SL00871,M022,S0387,2022-07-06,47848.39,Kenneth Tapia,Credit Card
SL00872,M024,S0866,2022-07-23,83990.3,Alyssa Gill,Credit Card
SL00873,M025,S0462,2023-12-23,89948.95,James Green,Cash
SL00874,M035,S0069,2023-03-17,90644.02,Ronald Scott,Bank Transfer
SL00875,M033,S0242,2022-10-07,85428.0,Christina Boyd,Bank Transfer
SL00876,M039,S0969,2022-04-15,29721.89,Angela Cisneros,Cash
SL00877,M020,S0977,2022-03-21,99192.7,Dana Randolph,Cash
SL00878,M003,S0278,2022-08-27,60776.41,Christina Pruitt,Cash
SL00879,M013,S0072,2023-06-14,95517.98,Debra Perez,Bank Transfer
SL00880,M025,S0469,2022-11-24,38698.59,Cynthia Lawrence,Cash
SL00881,M020,S0713,2022-06-25,58389.35,Anthony Scott,Credit Card
SL00882,M027,S0368,2023-10-27,85229.3,Laura Carter,Cash
SL00883,M039,S0577,2023-03-20,48725.02,Jennifer Andersen,Cash
SL00884,M034,S0645,2023-09-10,95215.67,Allison Clark,Cash
SL00885,M049,S0862,2023-02-22,23580.65,Benjamin Wells,Credit Card
SL00886,M012,S0594,2023-05-05,47415.76,Andrew Warren,Cash
SL00887,M024,S0083,2022-06-07,62613.26,Stephanie Clements,Bank Transfer
SL00888,M017,S0096,2022-10-18,34427.42,Margaret Johnson,Bank Transfer
SL00889,M040,S0233,2023-10-10,88906.32,John Williamson,Bank Transfer
SL00890,M033,S0848,2023-07-09,41978.06,Paul Martinez Jr.,Credit Card
SL00891,M032,S0151,2022-03-24,64427.52,Paul Garza,Bank Transfer
SL00892,M031,S0140,2023-01-08,86922.78,Robert Wyatt,Cash
SL00893,M043,S0528,2023-02-10,81824.69,Kimberly Lewis,Cash
SL00894,M017,S0726,2022-04-18,58132.96,Renee Valdez,Bank Transfer
SL00895,M024,S0855,2023-08-28,38633.73,Anthony Cooper,Credit Card
SL00896,M018,S0577,2022-05-14,69784.07,Jessica Cox,Credit Card
SL00897,M016,S0646,2022-06-12,38050.83,Derek Booth,Credit Card
SL00898,M009,S0571,2023-09-08,28381.27,Kathleen Mcdaniel,Credit Card
SL00899,M030,S0367,2022-05-06,85979.13,Joanne Rogers,Bank Transfer
SL00900,M041,S0052,2022-06-06,83179.91,Carl Bartlett,Cash
SL00901,M031,S0775,2023-10-24,76621.51,Gary Baker,Credit Card
SL00902,M010,S0771,2022-03-22,20039.17,Kristin Marquez,Cash
SL00903,M028,S0223,2023-01-10,34530.94,Nathan Wheeler,Bank Transfer
SL00904,M029,S0737,2022-12-08,82672.91,David Hansen,Credit Card
SL00905,M031,S0154,2023-07-24,36742.05,Natasha Sparks,Credit Card
SL00906,M006,S0045,2024-03-12,78386.69,Jeremiah Stein,Bank Transfer
SL00907,M022,S0954,2023-06-04,55118.77,Chase Garcia,Credit Card
SL00908,M005,S0531,2022-06-17,43620.47,Michelle Bell,Credit Card
SL00909,M012,S0394,2023-07-02,63357.27,Tony Robinson,Cash
SL00910,M003,S0735,2022-04-23,88466.54,Dr. Jeremy Graham Jr.,Bank Transfer
SL00911,M028,S0225,2022-03-21,69034.93,Barry Mayo,Bank Transfer
SL00912,M015,S0269,2022-07-16,67249.94,Justin Hutchinson,Cash
SL00913,M039,S0604,2023-01-26,79001.49,Miranda Kim,Bank Transfer
SL00914,M025,S0943,2023-02-13,42153.37,Dr. James Short,Credit Card
SL00915,M033,S0636,2023-10-27,33383.23,Benjamin Bean,Credit Card
SL00916,M048,S0540,2022-11-27,98458.37,Mr. Terry Frye,Cash
SL00917,M039,S0225,2022-10-02,46739.72,Alexander Rogers,Credit Card
SL00918,M011,S0080,2023-10-13,97476.26,Lori Johnson,Cash
SL00919,M007,S0894,2022-05-14,67522.48,Joshua Johnson,Cash
SL00920,M002,S0985,2022-08-27,55200.05,Scott Harmon,Cash
SL00921,M025,S0818,2023-09-05,73273.19,Timothy Sutton,Cash
SL00922,M042,S0737,2024-02-26,65891.16,Sandra Morgan,Credit Card
SL00923,M043,S0803,2024-01-01,54758.26,Sara Warner,Cash
SL00924,M018,S0025,2023-01-02,20026.04,Kenneth Bautista,Credit Card
SL00925,M048,S0109,2022-05-30,62383.29,Janice Romero,Cash
SL00926,M032,S0620,2022-07-28,71456.48,Jennifer Thomas,Bank Transfer
SL00927,M047,S0849,2022-11-11,87992.49,Susan Johnson,Bank Transfer
SL00928,M008,S0593,2023-12-12,98411.39,Daniel Martin,Bank Transfer
SL00929,M029,S0261,2022-04-07,30117.71,Jason Garner,Cash
SL00930,M024,S0669,2022-04-19,35209.37,Sierra Davis,Credit Card
SL00931,M027,S0601,2022-07-27,64443.52,Latasha Fernandez,Bank Transfer
SL00932,M035,S0951,2023-08-02,26818.31,Cory Cooper,Bank Transfer
SL00933,M017,S0877,2022-10-18,75625.97,Gabriel Barnett,Credit Card
SL00934,M025,S0647,2023-07-19,81999.26,Luke Garcia,Credit Card
SL00935,M037,S0265,2022-12-17,60747.26,Joseph Porter,Credit Card
SL00936,M041,S0331,2022-06-16,26014.12,Stephanie Glenn,Credit Card
SL00937,M041,S0042,2023-10-23,85127.93,Christopher Holden,Cash
SL00938,M019,S0702,2024-03-03,94376.51,Brittany Lopez,Cash
SL00939,M023,S0290,2022-06-06,90533.22,Ricardo Hernandez,Bank Transfer
SL00940,M049,S0202,2022-04-29,92502.53,Stephen Jimenez,Cash
SL00941,M046,S0836,2023-11-09,43239.14,Jason Johnson,Bank Transfer
SL00942,M036,S0666,2023-04-19,65393.08,Brenda Kelly,Credit Card
SL00943,M037,S0092,2023-12-26,77163.84,Nathan Oconnor,Bank Transfer
SL00944,M002,S0659,2022-06-18,66246.01,Amber Soto,Bank Transfer
SL00945,M018,S0492,2022-07-04,65738.25,Mary Wood,Credit Card
SL00946,M027,S0251,2023-01-29,66401.68,James Aguilar,Bank Transfer
SL00947,M029,S0433,2022-08-29,33470.22,Bailey Clements,Bank Transfer
SL00948,M012,S0867,2023-12-11,99656.3,Randall Rose,Cash
SL00949,M043,S0534,2022-11-14,70968.8,Andrew Anderson,Cash
SL00950,M041,S0239,2024-02-01,24776.85,Cindy Olsen,Bank Transfer
SL00951,M033,S0554,2023-11-25,53469.91,Kathleen Aguilar,Credit Card
SL00952,M049,S0080,2023-01-16,51708.21,David Reed,Cash
SL00953,M033,S0953,2023-09-23,55850.74,Christopher Rice,Credit Card
SL00954,M039,S0120,2023-01-22,76653.34,Stacie Villa,Bank Transfer
SL00955,M046,S0649,2023-08-10,33502.26,Travis Nichols,Cash
SL00956,M012,S0975,2023-10-14,90490.04,Rebekah Miller,Cash
SL00957,M003,S0865,2023-04-02,42022.35,Kimberly Taylor,Credit Card
SL00958,M041,S0702,2022-11-27,97713.04,Amanda Jones DDS,Credit Card
SL00959,M038,S0738,2023-05-10,61025.52,Jennifer Johnson,Bank Transfer
SL00960,M026,S0859,2022-10-27,87855.51,Heather Wright,Cash
SL00961,M009,S0654,2022-05-19,32086.61,Amber Casey,Bank Transfer
SL00962,M027,S0603,2023-08-08,59716.35,Jeffrey Williams,Credit Card
SL00963,M014,S0574,2022-04-11,93479.07,Travis Morgan,Bank Transfer
SL00964,M033,S0939,2023-03-27,86767.85,Matthew Love,Credit Card
SL00965,M037,S0208,2023-04-17,60833.4,Gloria White,Bank Transfer
SL00966,M029,S0185,2023-08-30,34333.95,Donna Edwards,Cash
SL00967,M002,S0954,2023-01-01,20596.92,Drew Anderson,Bank Transfer
SL00968,M028,S0569,2022-04-14,66697.34,Kyle Rivera,Cash
SL00969,M049,S0968,2023-08-08,41119.57,Robert Jones,Bank Transfer
SL00970,M002,S0618,2022-08-08,69087.95,Aaron Bell,Cash
SL00971,M020,S0297,2023-12-21,58447.89,Chris Perez,Cash
SL00972,M020,S0395,2022-07-30,98526.25,Christopher Diaz DDS,Bank Transfer
SL00973,M004,S0094,2023-04-06,39367.51,Alexis Blackburn,Cash
SL00974,M038,S0857,2022-09-24,21184.35,Daniel Brown,Bank Transfer
SL00975,M044,S0758,2023-07-27,63598.1,Philip Wright,Credit Card
SL00976,M038,S0660,2022-07-17,47906.19,Gregory Beck,Credit Card
SL00977,M022,S0846,2022-05-23,25213.72,Donald Rodriguez,Bank Transfer
SL00978,M017,S0351,2023-12-12,47010.73,Donald Payne,Credit Card
SL00979,M044,S0588,2023-08-04,36304.23,Kevin Mcclain,Credit Card
SL00980,M008,S0262,2022-10-12,98642.33,Kimberly Murphy,Bank Transfer
SL00981,M002,S0190,2023-04-07,26473.65,Kelly Faulkner,Cash
SL00982,M007,S0818,2023-01-24,39680.09,Tina Taylor,Cash
SL00983,M046,S0845,2022-10-04,37116.12,Erik Riley,Cash
SL00984,M001,S0894,2024-03-05,21822.17,Amanda Robles,Credit Card
SL00985,M025,S0138,2023-05-03,52709.09,Thomas Johnson,Bank Transfer
SL00986,M010,S0705,2023-10-20,20368.93,Brittney Lee,Bank Transfer
SL00987,M033,S0424,2023-04-10,71967.06,Jamie Williams,Credit Card
SL00988,M040,S0116,2022-10-14,78786.83,Samantha Stevenson,Credit Card
SL00989,M021,S0031,2023-12-08,51017.43,Samantha Perez,Cash
SL00990,M006,S0279,2022-04-24,77740.29,Adam Everett,Credit Card
SL00991,M036,S0795,2023-07-12,42346.12,Daniel Norris,Cash
SL00992,M034,S0119,2022-03-27,81860.38,Deborah Conway,Credit Card
SL00993,M012,S0868,2022-07-23,37424.78,Steven Ross,Cash
SL00994,M012,S0178,2022-11-18,27766.43,Cheyenne Yates,Cash
SL00995,M033,S0823,2023-11-07,83791.41,Kristina Deleon,Bank Transfer
SL00996,M042,S0917,2022-08-29,86515.18,Rebecca Hernandez,Cash
SL00997,M001,S0228,2022-05-10,29585.38,Cody Perez,Credit Card
SL00998,M014,S0320,2022-06-20,23365.54,Melinda Wyatt,Credit Card
SL00999,M017,S0237,2022-12-04,21282.75,Trevor Watkins,Bank Transfer
SL01000,M023,S0138,2022-04-20,52115.84,Donald Ball,Credit Card
SL01001,M004,S0605,2023-10-25,68795.77,Jillian Cook,Bank Transfer
SL01002,M024,S0656,2024-03-03,86772.19,Jessica Ward,Bank Transfer
SL01003,M028,S0393,2023-08-06,51788.62,Gary Lindsey,Credit Card
SL01004,M003,S0986,2024-02-06,37422.5,Diana Sanchez,Bank Transfer
SL01005,M012,S0744,2022-04-28,62292.82,Stephen Horne,Credit Card
SL01006,M026,S0586,2022-10-13,54576.36,Kelsey Williams,Cash
SL01007,M003,S0076,2023-07-09,44263.91,Nicole Owen,Cash
SL01008,M025,S0028,2024-02-10,26067.97,Joshua Martinez,Credit Card
SL01009,M007,S0811,2023-05-01,43089.48,Mrs. Lisa Fuller DDS,Cash
SL01010,M018,S0234,2023-03-25,54497.51,Dana Brady,Credit Card
SL01011,M031,S0374,2023-06-20,56875.0,Anna Hall,Bank Transfer
SL01012,M009,S0127,2023-07-20,95862.21,Nicole Berry,Credit Card
SL01013,M026,S0342,2022-06-29,98435.79,Antonio Ramirez,Credit Card
SL01014,M050,S0675,2022-09-20,66834.35,Robert Brown,Cash
SL01015,M021,S0295,2023-09-01,50653.22,Kimberly Bennett,Credit Card
SL01016,M039,S0044,2022-12-29,38458.33,Nicholas Watson,Credit Card
SL01017,M002,S0085,2023-08-30,59729.23,Mary Jackson,Bank Transfer
SL01018,M033,S0901,2023-03-14,77010.69,Glen Martinez,Credit Card
SL01019,M041,S0280,2024-03-11,38076.63,Erica Evans,Bank Transfer
SL01020,M045,S0845,2022-12-18,71370.62,Kevin Haley,Credit Card
SL01021,M019,S0135,2023-01-30,37123.79,Kristie Burnett,Cash
SL01022,M021,S0992,2022-04-05,65658.71,Yolanda Lowe,Bank Transfer
SL01023,M021,S0810,2022-07-13,71847.19,Meghan Adams,Credit Card
SL01024,M041,S0541,2023-12-24,92725.22,Mary Keller,Credit Card
SL01025,M008,S0494,2023-05-25,90013.45,Leah Morrison,Cash
SL01026,M038,S0966,2022-07-09,21414.95,Joshua Davis,Cash
SL01027,M034,S0175,2024-01-29,99994.4,Julie Mathews,Cash
SL01028,M032,S0200,2022-09-27,29769.82,Jennifer Cox,Bank Transfer
SL01029,M038,S0970,2023-03-03,94478.88,Alicia Thomas,Credit Card
SL01030,M049,S0105,2022-12-30,50240.64,Larry Mills,Bank Transfer
SL01031,M043,S0329,2023-05-12,68752.55,Jeffrey Sanford,Credit Card
SL01032,M032,S0926,2023-06-17,85743.7,Jonathan White,Cash
SL01033,M033,S0784,2022-05-06,60374.22,Jessica Jones,Credit Card
SL01034,M031,S0007,2023-04-12,50087.28,Robert Carter,Cash
SL01035,M012,S0703,2023-11-07,84601.88,Jennifer Rodriguez,Bank Transfer
SL01036,M039,S0492,2023-02-21,70477.67,Andrew Odonnell,Credit Card
SL01037,M038,S0765,2023-06-11,91699.37,Laura Brown,Cash
SL01038,M007,S0563,2023-04-24,76495.1,Scott Miller,Bank Transfer
SL01039,M007,S0758,2023-08-30,94252.93,Justin Frye,Credit Card
SL01040,M002,S0254,2022-06-22,98104.83,Jonathan Love,Cash
SL01041,M040,S0927,2022-12-11,94944.2,David Carter,Bank Transfer
SL01042,M013,S0055,2022-12-26,91140.2,Cory Maynard,Credit Card
SL01043,M049,S0632,2023-12-11,81042.76,Joseph Myers,Cash
SL01044,M047,S0158,2023-03-06,26658.08,Johnny Vaughan,Bank Transfer
SL01045,M004,S0467,2024-02-04,34645.27,Edward Pratt,Bank Transfer
SL01046,M007,S0975,2024-03-08,65269.86,Jill Mayo,Cash
SL01047,M036,S0487,2023-12-27,37744.16,Bradley Lucas,Cash
SL01048,M018,S0759,2022-10-24,52397.42,Kristie Lamb,Credit Card
SL01049,M009,S0710,2023-11-01,71889.0,Samantha Burch,Cash
SL01050,M035,S0402,2023-11-15,87559.0,Michael Smith,Bank Transfer
SL01051,M035,S0955,2024-01-21,98772.35,Jennifer Houston,Credit Card
SL01052,M032,S0285,2023-01-17,65564.74,Julie Hodge,Bank Transfer
SL01053,M023,S0110,2023-12-14,23001.12,Marissa Johnson,Credit Card
SL01054,M008,S0369,2022-03-30,92704.52,Stephanie Munoz,Cash
SL01055,M003,S0473,2023-03-16,85946.94,Elizabeth Steele,Credit Card
SL01056,M009,S0075,2022-06-07,31906.94,Roy Howard,Cash
SL01057,M017,S0412,2023-08-31,94932.2,Regina Lopez,Cash
SL01058,M043,S0289,2022-11-12,25891.27,Mary Harrison,Cash
SL01059,M038,S0817,2023-01-25,34693.29,Alexander Dominguez,Credit Card
SL01060,M031,S0591,2024-03-12,54989.81,Christopher Palmer,Bank Transfer
SL01061,M018,S0208,2023-11-12,49280.43,Charles Powell,Credit Card
SL01062,M010,S0948,2023-03-10,86518.12,Andrea Riddle,Bank Transfer
SL01063,M003,S0114,2023-07-23,52133.7,Victoria Logan,Credit Card
SL01064,M004,S0727,2023-07-08,87249.56,Omar Moreno,Bank Transfer
SL01065,M011,S0953,2024-03-20,95120.64,Sophia Freeman,Cash
SL01066,M002,S0996,2023-11-25,41650.12,Karen Allen,Bank Transfer
SL01067,M001,S0695,2023-05-09,84971.58,Gwendolyn Jenkins,Bank Transfer
SL01068,M006,S0215,2022-04-08,41851.24,Susan Schmidt,Cash
SL01069,M049,S0036,2023-06-25,32453.14,Virginia Munoz,Cash
SL01070,M011,S0534,2022-08-02,79305.8,Julie Garcia,Credit Card
SL01071,M028,S0265,2023-04-04,82053.78,Christopher Fleming,Cash
SL01072,M050,S0310,2023-05-09,95251.32,Dustin Newman,Credit Card
SL01073,M027,S0425,2024-02-03,45257.89,Curtis Bowen,Cash
SL01074,M021,S0649,2022-12-16,29811.78,Rhonda Taylor,Credit Card
SL01075,M034,S0829,2023-05-14,26246.79,Kevin Quinn,Credit Card
SL01076,M014,S0735,2024-01-31,61206.42,Nicole Marquez,Credit Card
SL01077,M036,S0077,2023-04-05,88350.89,Austin Foster,Bank Transfer
SL01078,M041,S0561,2022-10-22,53934.23,Meghan Smith,Credit Card
SL01079,M026,S0932,2023-09-16,53751.92,Vanessa Evans,Bank Transfer
SL01080,M020,S0480,2023-05-25,43783.67,Hector Lutz,Credit Card
SL01081,M016,S0815,2022-10-25,34028.97,Mr. Andrew Blackburn,Cash
SL01082,M018,S0887,2022-12-20,62096.21,Amy Wallace,Credit Card
SL01083,M013,S0121,2022-12-22,82521.82,Stephanie Levy,Bank Transfer
SL01084,M043,S0168,2023-01-07,34793.83,Rodney Macdonald,Cash
SL01085,M023,S0416,2023-02-01,46635.52,Jose Burns,Credit Card
SL01086,M032,S0355,2024-01-26,42620.66,Mark Hurst,Cash
SL01087,M025,S0272,2022-06-03,69155.14,Amber Massey,Bank Transfer
SL01088,M016,S0918,2023-06-28,85784.1,James Oliver,Credit Card
SL01089,M017,S0953,2023-03-04,24594.72,Erik Mendez,Cash
SL01090,M029,S0866,2023-03-09,36007.65,Angela Wiley,Credit Card
SL01091,M031,S0837,2024-02-24,40031.14,Michelle King,Credit Card
SL01092,M047,S0428,2023-07-28,78195.6,Cynthia Bean,Bank Transfer
SL01093,M031,S0593,2023-09-08,63215.38,Dale Cameron,Cash
SL01094,M044,S0901,2023-02-14,25872.38,Gregory Booth,Bank Transfer
SL01095,M018,S0674,2022-05-31,38365.75,Jacob Graham,Bank Transfer
SL01096,M012,S0523,2022-06-21,53709.92,Margaret Ward,Bank Transfer
SL01097,M024,S0186,2023-07-09,90436.28,Rachael Carter,Cash
SL01098,M014,S0053,2024-03-17,57132.44,Diamond Li,Credit Card
SL01099,M024,S0097,2023-08-04,82381.11,Andrew Mcgrath,Bank Transfer
SL01100,M009,S0520,2023-09-01,74617.3,Danny Conway,Credit Card
SL01101,M006,S0009,2022-12-08,72946.66,Anthony Harrison,Credit Card
SL01102,M042,S0637,2022-05-24,83850.56,Jeffrey Jones,Bank Transfer
SL01103,M041,S0483,2023-07-04,38519.97,Crystal Stout,Bank Transfer
SL01104,M029,S0467,2023-02-25,79241.89,Stephanie Beasley,Credit Card
SL01105,M003,S0694,2023-01-14,59092.85,Rachel Hall,Credit Card
SL01106,M039,S0845,2022-04-21,90160.98,George Cook,Bank Transfer
SL01107,M001,S0012,2022-12-31,67892.25,Ms. Amy Peterson,Bank Transfer
SL01108,M024,S0612,2022-11-27,45475.03,James Hood,Cash
SL01109,M020,S0408,2023-09-02,62734.5,Samantha Mcconnell,Credit Card
SL01110,M042,S0242,2022-12-11,28144.28,Vincent Edwards,Credit Card
SL01111,M012,S0727,2023-10-08,27549.65,Elizabeth Donovan,Credit Card
SL01112,M012,S0321,2023-12-10,46281.81,Ryan Peterson,Credit Card
SL01113,M003,S0981,2023-02-20,71562.75,Sharon Ashley MD,Credit Card
SL01114,M042,S0903,2023-01-31,63483.98,Todd Thomas,Bank Transfer
SL01115,M018,S0635,2022-08-26,94984.07,Ruben Martinez,Cash
SL01116,M021,S0492,2024-02-03,72992.66,Heidi Hoffman,Cash
SL01117,M025,S0465,2023-10-17,97142.17,Ryan Parks,Bank Transfer
SL01118,M005,S0538,2023-04-21,73711.18,Adam Gomez,Cash
SL01119,M035,S0467,2023-04-22,63003.14,Jeffrey Flynn,Credit Card
SL01120,M028,S0542,2023-05-05,37960.0,Katie Campos,Cash
SL01121,M029,S0247,2022-08-07,49359.85,Jessica Harris,Credit Card
SL01122,M049,S0034,2022-06-10,80248.4,William Fox,Cash
SL01123,M009,S0487,2022-04-02,36625.82,Sonia Faulkner,Credit Card
SL01124,M032,S0213,2023-03-25,63854.55,Debra Martinez,Bank Transfer
SL01125,M037,S0761,2023-02-01,88050.66,Kevin Young,Credit Card
SL01126,M029,S0360,2023-05-11,30637.36,Samantha Perez,Cash
SL01127,M025,S0117,2022-12-13,29047.71,Daniel Cook,Cash
SL01128,M026,S0387,2023-03-22,57990.99,Annette Wise,Credit Card
SL01129,M050,S0811,2022-09-07,57856.57,Antonio Singh,Credit Card
SL01130,M002,S0670,2023-03-02,28742.9,Tony Bean,Cash
SL01131,M041,S0807,2023-08-21,39174.56,Alexander Ramirez,Bank Transfer
SL01132,M008,S0399,2022-08-06,59846.73,Kathryn Hickman,Cash
SL01133,M050,S0321,2023-10-13,36023.67,Stephanie Mclean,Bank Transfer
SL01134,M017,S0075,2023-06-25,61073.55,Danielle Moore,Credit Card
SL01135,M037,S0949,2023-11-02,27914.73,Ryan Williams,Credit Card
SL01136,M027,S0729,2023-09-12,74134.14,Mary Lewis,Bank Transfer
SL01137,M011,S0478,2024-02-19,98216.85,Justin Willis,Bank Transfer
SL01138,M020,S0866,2023-09-04,23402.75,Frances Watkins,Credit Card
SL01139,M027,S0405,2023-04-29,56730.04,Matthew Miller,Bank Transfer
SL01140,M016,S0720,2022-06-29,20681.78,John Bailey,Credit Card
SL01141,M039,S0904,2022-04-07,55612.17,Kimberly Higgins,Credit Card
SL01142,M005,S0927,2022-04-20,65346.16,Jonathan Riley,Cash
SL01143,M018,S0104,2024-03-09,71229.13,Curtis Rivera,Bank Transfer
SL01144,M048,S0279,2022-04-12,79089.81,Ms. Kimberly Clark,Credit Card
SL01145,M036,S0800,2023-07-07,72808.79,John Cole,Bank Transfer
SL01146,M025,S0777,2023-03-10,99805.27,Michael Anderson,Bank Transfer
SL01147,M004,S0643,2022-12-12,48165.44,Jennifer Nelson,Credit Card
SL01148,M019,S0157,2022-10-02,78557.69,Patricia Adams,Cash
SL01149,M019,S0887,2023-12-29,45960.27,David Barnett,Bank Transfer
SL01150,M032,S0428,2022-12-21,63711.32,Chad Hawkins,Credit Card
SL01151,M028,S0160,2023-01-29,95372.3,Andrew Watkins,Cash
SL01152,M030,S0715,2024-01-24,92792.67,Justin Johnson,Cash
SL01153,M043,S0479,2023-05-24,82460.07,Patrick Ryan,Bank Transfer
SL01154,M036,S0631,2022-10-29,81160.29,Scott Black,Credit Card
SL01155,M030,S0291,2022-06-30,77478.3,Carrie Young,Credit Card
SL01156,M028,S0219,2024-02-17,45863.59,Philip Wilson,Bank Transfer
SL01157,M002,S0960,2022-10-03,93033.59,Michael Anthony,Bank Transfer
SL01158,M023,S0612,2023-06-10,46684.34,Stephen Walton,Bank Transfer
SL01159,M003,S0643,2022-05-29,79592.53,James Garcia,Cash
SL01160,M019,S0532,2023-03-08,41710.05,Janet Collins,Bank Transfer
SL01161,M032,S0033,2022-10-07,26858.14,Brooke Clarke,Bank Transfer
SL01162,M001,S0482,2023-06-21,53418.22,Dean Shaw,Cash
SL01163,M037,S0359,2022-11-04,71545.33,April Tran,Cash
SL01164,M011,S0428,2023-03-11,23536.94,Jacob Branch,Cash
SL01165,M002,S0907,2022-11-20,29589.8,Dawn Gray,Cash
SL01166,M042,S0510,2023-10-06,58160.4,Kimberly Manning,Cash
SL01167,M039,S0096,2024-01-29,79280.86,Michael Martin,Credit Card
SL01168,M033,S0109,2022-03-23,77215.38,Tina Williams,Cash
SL01169,M040,S0144,2022-04-13,33144.18,Wendy Armstrong,Credit Card
SL01170,M021,S0017,2023-04-14,68012.5,Olivia Willis,Cash
SL01171,M046,S0628,2023-10-31,35681.47,Jessica Miller,Bank Transfer
SL01172,M012,S0347,2023-12-13,24127.1,Karen Marquez,Credit Card
SL01173,M050,S0011,2023-07-19,36007.76,Alvin Lawrence,Cash
SL01174,M007,S0893,2022-08-18,98704.11,Sandra Cruz,Bank Transfer
SL01175,M025,S0666,2023-01-20,94484.23,Barbara Sanders,Bank Transfer
SL01176,M009,S0384,2023-10-17,36310.45,David Moss,Cash
SL01177,M008,S0547,2024-02-29,79687.7,Tiffany Smith,Bank Transfer
SL01178,M045,S0593,2022-08-11,73462.78,Morgan Thomas,Credit Card
SL01179,M029,S0814,2024-02-28,47491.62,David Stewart,Cash
SL01180,M038,S0057,2023-02-25,40845.98,Elizabeth Myers,Bank Transfer
SL01181,M028,S0955,2022-08-29,74003.78,Joseph Jenkins,Credit Card
SL01182,M044,S0572,2023-10-24,47288.7,Angela Torres,Bank Transfer
SL01183,M049,S0681,2023-07-03,81745.75,James Martin,Bank Transfer
SL01184,M034,S0414,2022-08-23,91380.55,Shari Hernandez,Cash
SL01185,M033,S0641,2022-11-28,54799.98,Dr. Cassidy Martinez MD,Bank Transfer
SL01186,M012,S0561,2022-03-22,71340.28,Keith Davidson,Cash
SL01187,M012,S0460,2022-11-20,51592.57,Ann Webb,Credit Card
SL01188,M043,S0859,2023-01-17,90649.58,Amy Allen,Cash
SL01189,M025,S0642,2022-11-29,87192.54,Cindy Davidson,Cash
SL01190,M050,S0900,2022-08-17,41584.76,Eric Graves,Cash
SL01191,M002,S0037,2023-02-12,40044.2,Gabriel Robinson,Cash
SL01192,M028,S0676,2022-07-22,43507.05,Krystal Kelley,Credit Card
SL01193,M029,S0886,2023-06-12,72694.4,Calvin Sellers,Bank Transfer
SL01194,M017,S0583,2023-08-19,37908.94,Fred Rogers,Credit Card
SL01195,M039,S0769,2022-11-26,84640.12,James Guerra,Credit Card
SL01196,M011,S0364,2023-05-15,90668.43,Danielle Walker,Bank Transfer
SL01197,M038,S0251,2023-06-14,97687.44,Jessica Goodwin,Cash
SL01198,M007,S0695,2022-10-29,57786.02,Tyler Garrett,Bank Transfer
SL01199,M021,S0758,2022-04-19,95421.64,Amanda Gray,Credit Card
SL01200,M003,S0659,2023-06-29,55307.98,Joan Pugh,Credit Card
SL01201,M036,S0066,2022-11-07,20236.36,Teresa Rodriguez,Cash
SL01202,M026,S0227,2023-09-10,89697.56,Jennifer Perkins,Credit Card
SL01203,M001,S0112,2022-06-02,94689.22,Shelly Shah,Bank Transfer
SL01204,M005,S0930,2024-02-28,40324.82,Nathan Kim,Credit Card
SL01205,M032,S0586,2023-10-31,86312.5,Taylor Berg,Cash
SL01206,M009,S0766,2022-04-16,47078.15,Tyler Barry,Bank Transfer
SL01207,M021,S0768,2023-11-23,59545.23,Caleb Peterson,Bank Transfer
SL01208,M045,S0267,2023-12-02,40552.08,Yolanda Nunez,Credit Card
SL01209,M034,S0872,2022-08-23,72890.01,Jennifer King,Credit Card
SL01210,M027,S0249,2023-09-04,55509.71,Laura Smith,Credit Card
SL01211,M034,S0286,2023-09-22,75561.7,Kevin Thompson,Cash
SL01212,M005,S0103,2023-10-01,82736.95,Sara Howell,Credit Card
SL01213,M004,S0886,2022-05-06,97429.05,Kari Orozco,Bank Transfer
SL01214,M041,S0536,2023-01-16,43703.19,Brian Shannon,Cash
SL01215,M028,S0707,2022-09-11,96219.6,Jesse Moreno,Credit Card
SL01216,M027,S0910,2022-07-18,64289.51,John Washington,Cash
SL01217,M025,S0955,2022-10-03,38377.85,Leslie Craig,Credit Card
SL01218,M003,S0142,2023-05-16,65409.35,Jeremy Harris,Cash
SL01219,M036,S0910,2022-06-10,60856.03,Renee Burns,Bank Transfer
SL01220,M010,S0597,2023-02-23,20410.72,Nancy Pugh,Bank Transfer
SL01221,M036,S0409,2023-08-09,20596.97,Steven Smith,Credit Card
SL01222,M009,S0071,2024-02-14,85626.87,James Smith,Cash
SL01223,M025,S0084,2022-03-27,24381.41,Robert Zavala Jr.,Credit Card
SL01224,M010,S0117,2024-03-13,70866.96,Megan Conway,Credit Card
SL01225,M019,S0519,2022-09-01,76880.47,Katherine Kerr,Bank Transfer
SL01226,M031,S0253,2023-01-18,81043.46,Louis Rivera,Cash
SL01227,M003,S0187,2022-10-22,97838.05,Todd Perez,Cash
SL01228,M039,S0941,2023-07-22,84050.44,Traci Black,Credit Card
SL01229,M004,S0511,2024-01-29,83509.93,Kevin Rodriguez,Credit Card
SL01230,M016,S0748,2023-12-23,93573.15,Lauren Patel,Cash
SL01231,M048,S0543,2022-05-18,87376.73,Dwayne Chavez,Credit Card
SL01232,M024,S0443,2023-11-30,48413.47,Robert Kidd,Bank Transfer
SL01233,M030,S0703,2023-01-30,83259.43,David Wilson,Cash
SL01234,M041,S0033,2023-12-04,69962.97,Ryan Woodard,Credit Card
SL01235,M039,S0012,2023-12-21,50036.58,Tonya Jenkins,Credit Card
SL01236,M041,S0892,2023-10-06,52859.61,Brittney Carr,Credit Card
SL01237,M028,S0188,2023-02-09,30137.61,Mitchell Anderson,Cash
SL01238,M044,S0040,2023-04-25,30136.16,Daniel Gutierrez,Credit Card
SL01239,M011,S0945,2022-04-30,45904.29,David Mcgee,Cash
SL01240,M009,S0701,2023-08-15,83207.96,Dr. Casey Gray,Cash
SL01241,M043,S0407,2022-08-28,51493.5,Amanda Harris,Bank Transfer
SL01242,M029,S0027,2023-04-07,43325.68,Sarah Mccarthy,Cash
SL01243,M047,S0955,2022-07-11,20718.53,Linda Kirby,Bank Transfer
SL01244,M033,S0016,2024-01-15,94557.49,Marcus Anthony,Credit Card
SL01245,M050,S0485,2022-06-05,37476.24,Andrew Bowen,Bank Transfer
SL01246,M017,S0599,2022-06-20,64075.43,Alexis Heath,Cash
SL01247,M047,S0652,2022-04-24,78199.86,Jonathan Jones,Cash
SL01248,M014,S0626,2022-03-25,75777.39,Christian Hawkins,Bank Transfer
SL01249,M009,S0445,2023-10-05,32581.73,John Pham,Cash
SL01250,M028,S0579,2023-09-28,58764.08,James Kramer,Bank Transfer
SL01251,M005,S0690,2023-06-02,30942.58,Kimberly Anderson,Bank Transfer
SL01252,M029,S0150,2022-11-12,98741.2,Eric Thompson,Credit Card
SL01253,M040,S0398,2023-07-22,94660.29,Angela Myers,Credit Card
SL01254,M008,S0082,2023-11-23,83863.8,Susan Campbell,Bank Transfer
SL01255,M012,S0205,2023-02-04,97677.25,Robert Mendez,Credit Card
SL01256,M032,S0352,2023-01-26,61602.44,Kathleen Mitchell,Bank Transfer
SL01257,M039,S0410,2023-05-25,61860.37,Brandon Watson,Cash
SL01258,M002,S0902,2023-02-12,74758.84,James Roy,Bank Transfer
SL01259,M014,S0843,2023-02-23,30369.98,Mark Russell,Cash
SL01260,M030,S0156,2022-06-27,64644.63,Jennifer Schroeder,Credit Card
SL01261,M001,S0747,2022-09-07,58732.91,Sarah Becker,Credit Card
SL01262,M035,S0050,2023-08-24,63183.66,Alejandro Diaz,Credit Card
SL01263,M013,S0393,2023-10-06,75525.66,Robert Smith,Cash
SL01264,M022,S0590,2023-06-08,79234.32,James Foster,Cash
SL01265,M031,S0912,2023-04-12,77300.75,Thomas Dixon,Credit Card
SL01266,M010,S0779,2022-12-02,46780.23,Manuel Friedman,Credit Card
SL01267,M032,S0439,2023-04-02,68916.3,Alexandria Craig,Credit Card
SL01268,M015,S0219,2022-07-01,21532.12,Kristina Hernandez,Cash
SL01269,M018,S0067,2023-07-09,25958.29,Larry Cameron,Credit Card
SL01270,M001,S0029,2023-09-11,94324.25,Paul Snyder,Cash
SL01271,M007,S0859,2022-12-03,70734.27,Emily Sweeney,Bank Transfer
SL01272,M024,S0407,2023-11-22,27333.34,Heather Mcfarland,Bank Transfer
SL01273,M023,S0427,2022-06-24,92281.77,Lisa Jones,Credit Card
SL01274,M031,S0317,2023-05-15,88067.99,Thomas Moore,Cash
SL01275,M007,S0055,2022-11-01,51583.62,Mike Dixon,Cash
SL01276,M037,S0811,2023-11-01,68392.11,Blake Elliott,Bank Transfer
SL01277,M035,S0565,2022-04-11,98811.59,Renee Smith,Credit Card
SL01278,M043,S0653,2022-04-08,89577.95,Michael Bonilla,Cash
SL01279,M025,S0219,2023-09-17,91727.76,Holly Mcdonald,Credit Card
SL01280,M026,S0574,2023-07-10,22418.28,Dr. James Gordon,Credit Card
SL01281,M016,S0534,2023-01-26,49824.63,Karen Atkins,Cash
SL01282,M018,S0226,2023-10-06,53874.11,Robert Parker,Bank Transfer
SL01283,M019,S0695,2022-05-09,40758.75,Bryan Richards,Credit Card
SL01284,M047,S0137,2022-06-28,47063.88,Ashley Johnson,Credit Card
SL01285,M045,S0711,2023-08-28,29382.29,Stephen Gates,Cash
SL01286,M012,S0120,2024-02-27,96635.39,Evelyn Day,Bank Transfer
SL01287,M038,S0138,2022-05-17,89246.74,Nicole Callahan,Bank Transfer
SL01288,M011,S0595,2023-08-24,75610.86,David Walker,Cash
SL01289,M021,S0246,2022-12-19,53153.73,Elizabeth Martin,Bank Transfer
SL01290,M039,S0247,2022-09-26,36513.33,Sandra Heath,Cash
SL01291,M023,S0866,2023-03-24,61797.82,Nicole Wagner,Bank Transfer
SL01292,M035,S0005,2023-07-23,89380.4,Joseph Morales,Cash
SL01293,M006,S0588,2022-11-18,76489.57,Henry Lang,Cash
SL01294,M008,S0849,2023-07-29,38598.77,Mrs. Ashley Gonzales,Cash
SL01295,M036,S0632,2023-02-04,71994.06,Tracy Lee,Cash
SL01296,M011,S0939,2023-10-16,56177.35,Allison Yang,Cash
SL01297,M013,S0840,2022-09-22,78261.89,Sara Hill,Cash
SL01298,M012,S0739,2023-05-28,88615.61,Amanda Horne,Cash
SL01299,M013,S0571,2022-09-28,78678.12,Samantha Carter,Bank Transfer
SL01300,M048,S0021,2023-08-31,79178.92,Kelly Reyes,Bank Transfer
SL01301,M002,S0443,2024-02-17,43499.02,Victor Thomas,Credit Card
SL01302,M005,S0255,2023-05-15,21775.55,Pamela Ramirez,Credit Card
SL01303,M040,S0474,2022-09-21,43996.64,Ricardo Garcia,Credit Card
SL01304,M014,S0504,2022-09-30,43741.15,Kelly Green,Credit Card
SL01305,M042,S0327,2023-04-04,44072.48,Kenneth Dorsey,Credit Card
SL01306,M037,S0666,2023-06-09,86969.29,George Williams,Bank Transfer
SL01307,M036,S0940,2022-08-31,63726.44,Thomas Fry,Cash
SL01308,M037,S0877,2022-06-04,46065.19,Craig Myers,Cash
SL01309,M006,S0164,2024-03-14,26369.4,Martin Green DDS,Cash
SL01310,M006,S0185,2022-06-09,44890.49,Zachary Williams,Cash
SL01311,M010,S0770,2023-12-22,71370.69,Kevin Lucas,Bank Transfer
SL01312,M036,S0316,2023-06-01,46243.31,Matthew Mclean,Bank Transfer
SL01313,M044,S0450,2023-10-16,40161.84,Logan Schneider,Credit Card
SL01314,M006,S0236,2023-11-19,78927.75,Tommy Evans,Cash
SL01315,M005,S0131,2023-02-16,48049.87,Stephen Richardson,Bank Transfer
SL01316,M028,S0049,2022-10-02,42844.33,Alison Warner,Credit Card
SL01317,M007,S0217,2023-09-29,53003.73,Gregory Olsen,Cash
SL01318,M039,S0097,2022-06-08,52860.51,Joshua Olson,Cash
SL01319,M011,S0250,2022-10-31,59756.97,Tyler Williams,Cash
SL01320,M003,S0238,2023-06-03,67556.38,Cynthia Smith,Credit Card
SL01321,M012,S0268,2022-09-28,55859.72,Jessica Petersen,Cash
SL01322,M049,S0627,2022-10-06,69997.55,Brittney Calderon,Bank Transfer
SL01323,M025,S0643,2023-11-06,62815.49,Shane Murphy,Credit Card
SL01324,M034,S0814,2022-06-21,95173.39,Rachel Larsen,Credit Card
SL01325,M005,S0428,2022-09-24,29199.31,Jacqueline Acosta,Cash
SL01326,M028,S0721,2022-06-28,53732.76,Tara Ford DDS,Credit Card
SL01327,M019,S0477,2023-06-16,83464.76,Linda Pena,Cash
SL01328,M017,S0983,2022-10-13,85425.98,Jose Diaz,Bank Transfer
SL01329,M024,S0189,2023-10-17,22121.97,Robert Young,Bank Transfer
SL01330,M033,S0598,2023-11-13,71557.42,Jim Anderson,Credit Card
SL01331,M025,S0056,2022-04-03,96005.27,Michael Walls,Cash
SL01332,M025,S0599,2022-11-12,96801.42,Richard Long,Credit Card
SL01333,M010,S0579,2022-10-20,22612.67,Lindsay Mccarty,Bank Transfer
SL01334,M011,S0064,2022-11-07,73479.01,Kirk Richardson,Credit Card
SL01335,M008,S0469,2024-02-10,43042.52,Miranda Perkins,Cash
SL01336,M048,S0024,2022-10-28,34494.83,Samuel Salas,Credit Card
SL01337,M002,S0717,2023-04-18,75570.53,Katrina Rogers,Bank Transfer
SL01338,M029,S0528,2022-05-06,66080.94,Megan Malone,Credit Card
SL01339,M033,S0507,2022-08-07,99474.12,Robert Jenkins,Credit Card
SL01340,M048,S0495,2024-02-14,55529.41,Anthony Lee,Cash
SL01341,M035,S0774,2023-07-20,24787.47,Kelsey Meyer,Cash
SL01342,M008,S0615,2022-03-22,94652.24,Matthew Brown,Cash
SL01343,M049,S0771,2022-03-21,75439.48,Tyler Guzman,Bank Transfer
SL01344,M002,S0633,2023-04-03,50102.53,Jordan Blair,Credit Card
SL01345,M035,S0620,2023-04-15,76347.13,Stephanie Gonzalez,Bank Transfer
SL01346,M023,S0288,2023-11-05,76976.06,Rebecca Anderson,Cash
SL01347,M034,S0557,2022-09-21,85873.68,Christopher Hancock,Bank Transfer
SL01348,M047,S0259,2023-02-11,73791.21,Mrs. Pamela Wilson,Bank Transfer
SL01349,M017,S0758,2022-08-28,53159.11,Kristin Chapman,Cash
SL01350,M036,S0986,2023-11-22,23900.85,Michael Miles,Bank Transfer
SL01351,M007,S0293,2022-11-27,44802.28,Justin Gomez,Credit Card
SL01352,M029,S0494,2022-10-02,84245.68,Alexandra Cox,Cash
SL01353,M029,S0861,2023-02-05,61879.94,Tina Rich,Credit Card
SL01354,M049,S0971,2022-12-16,78614.7,Sara Kirk,Bank Transfer
SL01355,M021,S0745,2022-11-03,69296.46,Timothy Meza,Bank Transfer
SL01356,M022,S0446,2024-03-16,40102.31,Melissa Munoz,Bank Transfer
SL01357,M045,S0510,2022-08-02,72913.58,Erin Haynes,Cash
SL01358,M029,S0742,2023-08-04,23479.63,Sarah Ramirez,Bank Transfer
SL01359,M028,S0899,2023-04-30,52390.38,Laura Rush,Credit Card
SL01360,M027,S0149,2023-02-06,94175.35,James Mckinney,Cash
SL01361,M012,S0075,2023-06-20,66959.97,Linda Foster,Bank Transfer
SL01362,M049,S0248,2022-08-29,88222.03,Michael Sutton,Bank Transfer
SL01363,M004,S0068,2024-02-04,98537.7,William Walker,Bank Transfer
SL01364,M028,S0966,2022-06-17,50946.22,Rebecca Taylor,Credit Card
SL01365,M048,S0054,2023-10-03,52499.35,Matthew Stephens,Credit Card
SL01366,M028,S0861,2022-07-26,65090.41,Mariah Hodge,Cash
SL01367,M048,S0096,2023-12-07,67108.62,Kayla Yu,Bank Transfer
SL01368,M026,S0487,2024-02-14,43816.02,Lisa Allen,Cash
SL01369,M049,S0113,2023-02-20,45255.34,Dr. Anthony Clarke,Bank Transfer
SL01370,M046,S0859,2022-10-06,48198.1,Jose Gonzalez,Credit Card
SL01371,M011,S0662,2022-11-16,21354.02,Eric King,Bank Transfer
SL01372,M025,S0655,2023-06-08,43186.5,Joseph Rodriguez,Cash
SL01373,M034,S0678,2023-03-13,46292.05,Joy Evans,Credit Card
SL01374,M022,S0762,2022-10-18,32680.58,Kyle Morris,Bank Transfer
SL01375,M046,S0187,2023-09-13,23129.32,Elizabeth Robertson,Cash
SL01376,M012,S0424,2022-05-23,69608.51,Laura Hicks,Credit Card
SL01377,M020,S0775,2024-01-06,46176.59,James Rollins,Credit Card
SL01378,M045,S0254,2022-07-01,20871.48,Larry Smith,Credit Card
SL01379,M019,S0961,2022-12-07,83547.67,Ashley Valenzuela,Credit Card
SL01380,M019,S0767,2023-06-17,86488.19,Valerie King,Cash
SL01381,M027,S0893,2022-12-02,26212.33,Steven Beasley,Credit Card
SL01382,M018,S0440,2023-08-23,94290.74,Vanessa Simmons,Cash
SL01383,M048,S0614,2022-06-26,97772.01,David Horton,Cash
SL01384,M043,S0436,2023-08-30,99212.99,Andrew Davis,Credit Card
SL01385,M031,S0848,2023-05-24,56390.06,John Moses,Cash
SL01386,M015,S0489,2022-12-10,30960.99,William Dalton,Bank Transfer
SL01387,M006,S0689,2022-11-03,24593.3,Jennifer James,Cash
SL01388,M045,S0338,2023-06-21,44559.61,Gregory Perez DVM,Cash
SL01389,M033,S0248,2022-10-05,59001.9,Charles Hill,Bank Transfer
SL01390,M034,S0290,2023-09-18,39031.15,Mrs. Lori Harding,Bank Transfer
SL01391,M009,S0977,2022-05-16,64243.61,Roy Gates,Cash
SL01392,M049,S0858,2022-04-16,58046.55,Calvin Ford,Credit Card
SL01393,M029,S0325,2023-12-01,88859.74,Jose Fisher,Bank Transfer
SL01394,M033,S0571,2022-04-01,76380.79,Marissa Davis,Bank Transfer
SL01395,M009,S0921,2023-08-29,65119.83,Kathy Williams,Credit Card
SL01396,M041,S0620,2023-05-25,86463.38,Laura Blackburn,Bank Transfer
SL01397,M034,S0335,2023-11-08,44264.33,Jessica Snyder,Bank Transfer
SL01398,M015,S0451,2022-05-30,71232.86,Ashley Guerrero,Credit Card
SL01399,M012,S0088,2022-07-01,52907.27,Jonathan Keith,Cash
SL01400,M026,S0504,2023-10-02,77707.94,Craig Malone,Bank Transfer
SL01401,M041,S0450,2023-01-02,30293.82,Christian Barnes,Cash
SL01402,M019,S0835,2023-12-08,63211.1,Sandra Owen,Credit Card
SL01403,M049,S0657,2023-06-15,51359.43,Amanda Keller,Bank Transfer
SL01404,M023,S0335,2022-08-09,35198.67,Lynn Graham,Cash
SL01405,M022,S0854,2024-01-05,79113.27,Brandon Spencer,Bank Transfer
SL01406,M043,S0354,2024-02-03,68524.77,David Johnson,Cash
SL01407,M014,S0365,2022-12-13,33975.76,Cynthia Miller,Bank Transfer
SL01408,M043,S0892,2022-09-12,97232.56,Dustin Hubbard,Credit Card
SL01409,M039,S0682,2022-03-22,84676.48,Kendra Davis,Credit Card
SL01410,M046,S0626,2022-11-30,84469.4,Shawn Davis,Bank Transfer
SL01411,M037,S0607,2022-10-08,65688.84,Maurice Griffith,Bank Transfer
SL01412,M018,S0197,2022-11-16,65527.81,Anthony Rodriguez Jr.,Credit Card
SL01413,M041,S0688,2022-07-28,85570.75,Ashley Greene,Credit Card
SL01414,M012,S0502,2022-11-25,27547.51,Michael Nelson,Credit Card
SL01415,M022,S0228,2023-11-03,27771.26,Cindy Bell,Cash
SL01416,M041,S0808,2022-11-16,73718.07,Mark Wiley,Bank Transfer
SL01417,M021,S0139,2023-04-03,24924.04,Larry Mcintosh,Bank Transfer
SL01418,M042,S0357,2023-12-01,61334.68,Susan Chung,Bank Transfer
SL01419,M004,S0327,2023-01-13,97999.62,Paul Callahan,Credit Card
SL01420,M034,S0924,2022-07-06,72432.44,Ralph Hunt,Cash
SL01421,M035,S0695,2023-02-28,23938.14,Donald Velasquez,Bank Transfer
SL01422,M014,S0304,2022-07-30,74698.56,Andre Williamson,Bank Transfer
SL01423,M029,S0094,2023-05-04,73243.02,Lucas Alvarez,Cash
SL01424,M041,S0017,2022-11-10,61587.21,Jason Fields,Credit Card
SL01425,M030,S0759,2023-02-25,32689.67,Mario Wood,Cash
SL01426,M009,S0295,2023-08-01,83880.87,Elizabeth Wiggins,Credit Card
SL01427,M010,S0159,2023-10-30,86486.14,Donald Robinson,Cash
SL01428,M011,S0964,2023-12-03,33479.12,Mary Davis,Cash
SL01429,M036,S0752,2022-06-15,26510.94,Monica Stone,Cash
SL01430,M014,S0076,2023-05-15,46615.79,Ryan Mcintosh,Bank Transfer
SL01431,M013,S0131,2023-04-12,87184.77,Mark Gonzalez,Cash
SL01432,M010,S0316,2024-03-03,39327.77,Ariana Robbins,Credit Card
SL01433,M014,S0708,2023-08-15,92313.16,Kenneth Gonzalez,Cash
SL01434,M046,S0283,2022-04-25,92087.1,Ms. Barbara Hudson,Credit Card
SL01435,M036,S0891,2022-12-25,51011.99,Thomas Davis MD,Cash
SL01436,M018,S0611,2023-06-18,23453.72,Anthony Jarvis,Bank Transfer
SL01437,M015,S0031,2023-03-03,93568.53,Jack Ryan,Credit Card
SL01438,M033,S0387,2023-07-22,50963.6,Susan Braun,Bank Transfer
SL01439,M049,S0587,2023-01-27,30516.36,Jose Lamb,Credit Card
SL01440,M015,S0166,2022-11-11,62330.54,Heather Miller,Bank Transfer
SL01441,M034,S0465,2022-05-21,81544.44,James Doyle,Credit Card
SL01442,M023,S0092,2023-04-13,78388.33,Jennifer Potter,Cash
SL01443,M027,S0754,2023-09-22,90267.65,Todd Liu,Credit Card
SL01444,M030,S0960,2023-04-06,83359.43,Norma Wolf,Cash
SL01445,M018,S0850,2023-01-24,56988.1,Lisa Scott,Bank Transfer
SL01446,M019,S0486,2023-07-15,53424.28,Derek Smith,Cash
SL01447,M003,S0342,2022-11-30,38062.06,Juan Craig,Bank Transfer
SL01448,M022,S0652,2023-03-28,82056.34,John Patton,Credit Card
SL01449,M043,S0127,2023-02-21,44869.37,Sierra Knight,Bank Transfer
SL01450,M050,S0976,2023-10-01,58331.95,Kimberly Johnson,Credit Card
SL01451,M006,S0249,2023-08-30,71339.41,Riley Murphy,Bank Transfer
SL01452,M038,S0752,2022-07-04,59732.68,Kenneth Evans,Credit Card
SL01453,M021,S0506,2023-01-09,93327.12,Lisa Kelly,Credit Card
SL01454,M021,S0761,2022-04-13,46113.99,Andrew Robinson,Bank Transfer
SL01455,M007,S0378,2023-06-26,59877.48,Kayla Reyes,Cash
SL01456,M017,S0673,2024-03-11,23723.41,Robert Stevens Jr.,Bank Transfer
SL01457,M032,S0159,2023-11-22,23107.33,Michael Fox,Cash
SL01458,M045,S0887,2023-10-04,51745.36,Julie Murphy,Cash
SL01459,M018,S0449,2023-11-23,78507.54,Bobby Rogers,Cash
SL01460,M049,S0392,2022-06-27,55794.43,Brandy Raymond,Cash
SL01461,M030,S0222,2023-07-24,31390.72,Catherine Brown,Bank Transfer
SL01462,M009,S0939,2023-07-19,88670.72,Aaron Brown,Bank Transfer
SL01463,M019,S0404,2022-11-05,69806.77,Erin Beasley,Bank Transfer
SL01464,M030,S0775,2023-04-23,92815.98,Vincent Butler,Cash
SL01465,M012,S0731,2024-02-26,98440.41,Joshua Reyes,Bank Transfer
SL01466,M038,S0617,2023-11-10,70647.81,Jesus Coleman,Credit Card
SL01467,M005,S0099,2024-01-14,79819.21,Jay Gonzalez,Cash
SL01468,M011,S0277,2022-07-23,80466.23,Michelle Martinez,Credit Card
SL01469,M016,S0862,2023-08-04,86221.36,Sarah Petty,Credit Card
SL01470,M006,S0874,2022-11-26,21233.79,Cynthia Dunn,Credit Card
SL01471,M030,S0495,2022-06-27,67152.14,Jennifer Prince,Cash
SL01472,M047,S0830,2023-08-14,55437.58,Jacqueline Robinson,Cash
SL01473,M047,S0566,2023-02-07,42723.66,Scott Alvarez DDS,Cash
SL01474,M043,S0232,2023-02-14,61539.72,Courtney Lowe,Bank Transfer
SL01475,M003,S0748,2022-04-06,57862.16,Monique Ibarra,Cash
SL01476,M014,S0067,2023-08-12,52978.85,Martha Johnson,Cash
SL01477,M034,S0935,2023-08-01,20661.75,Daniel Campbell,Cash
SL01478,M028,S0597,2024-02-21,77876.55,Mark Cooper,Bank Transfer
SL01479,M003,S0640,2024-01-15,98889.76,Benjamin Yang,Bank Transfer
SL01480,M014,S0891,2023-02-03,34457.38,Brian Sanchez,Credit Card
SL01481,M020,S0582,2023-12-24,54687.73,Daniel Hicks,Cash
SL01482,M009,S0928,2023-06-20,62914.01,Kimberly Smith,Credit Card
SL01483,M019,S0795,2023-07-27,96861.61,Michael Horn,Cash
SL01484,M028,S0130,2022-08-09,50859.98,Holly Adams,Bank Transfer
SL01485,M030,S0932,2023-01-04,83858.65,Jose Gates,Credit Card
SL01486,M036,S0435,2023-06-29,86453.68,Shirley Moreno,Bank Transfer
SL01487,M032,S0690,2024-02-21,88431.32,Daniel Williams,Cash
SL01488,M035,S0810,2023-11-09,86686.87,Kyle Simpson,Cash
SL01489,M019,S0075,2022-12-18,70309.49,Thomas Phillips,Credit Card
SL01490,M011,S0591,2024-02-18,63732.86,Robert Singh,Bank Transfer
SL01491,M047,S0649,2023-09-30,65271.05,Kathy Fisher,Credit Card
SL01492,M048,S0327,2022-04-29,20482.41,Sophia Harris,Bank Transfer
SL01493,M039,S0990,2023-04-07,57691.16,Adam Smith,Credit Card
SL01494,M025,S0214,2022-11-29,20333.07,Brandon Scott,Cash
SL01495,M041,S0098,2023-10-17,36059.82,Laura Case,Bank Transfer
SL01496,M015,S0516,2022-10-13,40098.37,Stacey Newman,Cash
SL01497,M018,S0479,2023-03-10,67482.35,Andrew Wheeler,Bank Transfer
SL01498,M028,S0421,2023-11-11,98564.39,Ruben Howard,Cash
SL01499,M034,S0563,2023-06-23,77411.32,Kimberly Harris,Cash
SL01500,M040,S0068,2022-11-07,66322.02,Caroline Bruce,Cash
