part_id,model_id,serial_number,part_name,part_type,stock_quantity,price
P00001,M042,SN-eFYE-39516,Transmission,OEM,80,986.35
P00002,M007,SN-pLaX-36480,Air Filter,OEM,54,621.66
P00003,M002,SN-enVZ-03415,Engine,Aftermarket,32,360.79
P00004,M006,SN-wmtA-70860,Brake Pad,Aftermarket,86,521.61
P00005,M047,SN-Rvqx-73544,Oil Filter,OEM,64,575.66
P00006,M050,SN-bidf-92243,Steering Wheel,Aftermarket,47,345.7
P00007,M049,SN-FDVI-20497,Air Filter,Aftermarket,37,274.2
P00008,M044,SN-AtwE-25111,Air Filter,Aftermarket,39,166.15
P00009,M031,SN-kAtk-03744,Brake Pad,OEM,24,398.57
P00010,M032,SN-HVsz-65787,Oil Filter,Aftermarket,88,754.26
P00011,M043,SN-AafM-02570,Transmission,OEM,68,522.41
P00012,M034,SN-MTKv-52338,Transmission,Aftermarket,68,108.77
P00013,M032,SN-qGSg-60487,Headlight,Aftermarket,88,210.21
P00014,M010,SN-Lkpd-84090,Oil Filter,Aftermarket,96,453.2
P00015,M018,SN-Opml-80699,Transmission,OEM,70,264.37
P00016,M002,SN-udSF-61362,Steering Wheel,Aftermarket,65,745.56
P00017,M043,SN-Mmnu-12797,Steering Wheel,Aftermarket,58,840.32
P00018,M016,SN-obWf-18381,Headlight,OEM,42,988.79
P00019,M047,SN-KHaA-59282,Oil Filter,OEM,81,311.55
P00020,M012,SN-PLnM-43528,Headlight,OEM,89,175.98
P00021,M024,SN-FZqo-39786,Transmission,Aftermarket,45,631.7
P00022,M048,SN-rUxj-11419,Engine,OEM,63,964.97
P00023,M037,SN-StQg-17862,Steering Wheel,Aftermarket,66,148.14
P00024,M008,SN-hHOK-99577,Battery,Aftermarket,52,261.93
P00025,M030,SN-hjZf-55931,Battery,Aftermarket,13,273.62
P00026,M008,SN-mxrM-48334,Steering Wheel,OEM,36,409.9
P00027,M022,SN-ojEO-91993,Steering Wheel,OEM,37,436.79
P00028,M019,SN-IzDa-77002,Oil Filter,OEM,13,987.15
P00029,M041,SN-IBGQ-90451,Battery,OEM,24,267.99
P00030,M008,SN-xwcp-96651,Transmission,OEM,83,502.3
P00031,M008,SN-PiPC-75489,Transmission,Aftermarket,49,181.46
P00032,M025,SN-vrnf-85849,Steering Wheel,Aftermarket,91,927.4
P00033,M017,SN-xhoP-68222,Oil Filter,OEM,18,161.91
P00034,M015,SN-eOrU-97001,Air Filter,OEM,94,363.44
P00035,M037,SN-cKCg-76807,Engine,Aftermarket,40,947.64
P00036,M029,SN-jSUz-96898,Engine,Aftermarket,97,623.76
P00037,M002,SN-hGlA-61103,Battery,OEM,58,788.8
P00038,M003,SN-Tmvb-14518,Engine,OEM,86,413.97
P00039,M046,SN-tqRT-20156,Brake Pad,OEM,69,850.15
P00040,M026,SN-SJjT-26519,Brake Pad,Aftermarket,60,996.35
P00041,M021,SN-qUHw-47450,Steering Wheel,Aftermarket,41,306.43
P00042,M036,SN-uGaU-61030,Oil Filter,OEM,43,792.88
P00043,M016,SN-dHJO-42342,Headlight,OEM,71,424.53
P00044,M023,SN-TXIL-21123,Oil Filter,OEM,70,894.14
P00045,M023,SN-Mlbt-21756,Headlight,OEM,100,243.57
P00046,M018,SN-cYAc-94902,Battery,OEM,32,453.02
P00047,M001,SN-Jcvn-73832,Battery,Aftermarket,74,561.82
P00048,M043,SN-pQDX-96074,Brake Pad,Aftermarket,95,665.37
P00049,M014,SN-IkbI-82827,Steering Wheel,Aftermarket,64,978.66
P00050,M009,SN-bhLd-59096,Air Filter,OEM,57,71.97
P00051,M005,SN-usXI-55626,Brake Pad,OEM,32,438.12
P00052,M039,SN-bhWu-31824,Air Filter,Aftermarket,36,895.32
P00053,M028,SN-cmCM-68483,Headlight,Aftermarket,40,80.09
P00054,M032,SN-CzAb-59371,Brake Pad,OEM,76,776.8
P00055,M021,SN-JLLQ-72290,Air Filter,OEM,25,845.51
P00056,M041,SN-PfTU-98099,Headlight,Aftermarket,12,491.51
P00057,M022,SN-qGAA-15640,Engine,Aftermarket,61,569.91
P00058,M022,SN-Pzln-48419,Oil Filter,Aftermarket,100,542.98
P00059,M016,SN-SffH-70626,Engine,Aftermarket,97,51.55
P00060,M018,SN-BLJo-93974,Transmission,Aftermarket,32,235.02
P00061,M024,SN-oPWb-59645,Battery,Aftermarket,33,482.19
P00062,M002,SN-QNPt-24022,Air Filter,OEM,95,723.08
P00063,M039,SN-Yslr-17872,Battery,Aftermarket,19,898.16
P00064,M001,SN-TQmB-92292,Headlight,Aftermarket,65,582.52
P00065,M030,SN-XaBV-44025,Steering Wheel,OEM,68,447.24
P00066,M032,SN-zeyO-75628,Brake Pad,Aftermarket,93,256.52
P00067,M014,SN-jNzQ-43835,Engine,Aftermarket,97,186.24
P00068,M032,SN-BvDx-21858,Headlight,Aftermarket,19,902.13
P00069,M031,SN-Wkrl-17366,Transmission,OEM,51,972.77
P00070,M021,SN-dbwJ-34117,Brake Pad,OEM,81,668.96
P00071,M039,SN-HOPp-20103,Headlight,OEM,99,985.66
P00072,M010,SN-WlqM-05390,Engine,OEM,39,967.12
P00073,M036,SN-ensW-73531,Air Filter,Aftermarket,69,770.52
P00074,M021,SN-WHZd-16432,Transmission,OEM,70,387.23
P00075,M045,SN-fotC-74233,Brake Pad,OEM,48,349.89
P00076,M008,SN-sRVF-75905,Oil Filter,OEM,28,850.01
P00077,M028,SN-nhLM-11021,Engine,Aftermarket,21,692.89
P00078,M048,SN-momD-42412,Transmission,OEM,58,422.3
P00079,M044,SN-XHvM-54412,Oil Filter,Aftermarket,24,285.36
P00080,M027,SN-ipbr-82080,Steering Wheel,Aftermarket,67,767.26
P00081,M047,SN-BjcI-67270,Engine,OEM,15,329.04
P00082,M017,SN-isTs-49996,Engine,OEM,74,468.82
P00083,M033,SN-ewBk-98496,Engine,OEM,19,817.31
P00084,M049,SN-VzrP-13572,Transmission,Aftermarket,35,610.06
P00085,M036,SN-aaua-17201,Oil Filter,Aftermarket,65,554.01
P00086,M045,SN-ZRFr-83757,Brake Pad,OEM,54,453.89
P00087,M032,SN-fPOe-72857,Steering Wheel,Aftermarket,80,235.93
P00088,M037,SN-EKxQ-90814,Brake Pad,Aftermarket,90,764.04
P00089,M039,SN-THcT-60716,Headlight,Aftermarket,77,501.91
P00090,M027,SN-MIwq-25273,Engine,OEM,99,998.86
P00091,M033,SN-WDQL-63838,Brake Pad,Aftermarket,100,264.78
P00092,M030,SN-WBZo-12710,Steering Wheel,OEM,32,817.44
P00093,M015,SN-DNRs-74356,Steering Wheel,OEM,50,831.47
P00094,M042,SN-CHgj-90937,Steering Wheel,Aftermarket,79,167.48
P00095,M033,SN-uaRY-27998,Steering Wheel,OEM,46,797.8
P00096,M025,SN-CRmQ-42167,Engine,OEM,32,947.25
P00097,M020,SN-JVEJ-27265,Steering Wheel,OEM,41,597.73
P00098,M044,SN-kiWl-41900,Air Filter,OEM,89,918.25
P00099,M014,SN-PLok-13772,Brake Pad,Aftermarket,53,998.23
P00100,M008,SN-ByIP-67896,Battery,OEM,49,99.55
P00101,M012,SN-vBqd-47063,Oil Filter,Aftermarket,26,562.62
P00102,M036,SN-dGam-53115,Oil Filter,Aftermarket,97,743.97
P00103,M028,SN-MRaA-76732,Brake Pad,Aftermarket,39,524.54
P00104,M034,SN-LiVs-12892,Battery,OEM,50,777.8
P00105,M029,SN-NVAz-19557,Steering Wheel,OEM,91,179.19
P00106,M023,SN-PVsU-83839,Engine,OEM,86,338.88
P00107,M050,SN-qNZV-75639,Steering Wheel,OEM,65,553.12
P00108,M010,SN-LQew-87097,Headlight,OEM,32,640.68
P00109,M026,SN-eSth-97617,Engine,OEM,30,875.69
P00110,M042,SN-gRzG-43532,Steering Wheel,OEM,80,716.98
P00111,M022,SN-zxek-46085,Battery,Aftermarket,59,704.67
P00112,M009,SN-IjGX-10862,Headlight,OEM,67,223.64
P00113,M047,SN-CkAy-35666,Brake Pad,OEM,47,246.14
P00114,M022,SN-GktJ-48164,Battery,Aftermarket,53,454.91
P00115,M045,SN-FnYx-46449,Steering Wheel,OEM,90,916.56
P00116,M028,SN-rkwu-38533,Air Filter,OEM,77,396.77
P00117,M027,SN-WgeI-77715,Air Filter,OEM,92,602.84
P00118,M003,SN-jjbP-03322,Headlight,Aftermarket,50,189.9
P00119,M024,SN-aMga-53702,Headlight,OEM,68,289.77
P00120,M001,SN-yyzP-78880,Battery,Aftermarket,46,829.25
P00121,M013,SN-iWke-10819,Brake Pad,Aftermarket,70,990.7
P00122,M037,SN-IsEC-25306,Air Filter,OEM,16,641.47
P00123,M004,SN-qOXi-42741,Battery,OEM,32,244.24
P00124,M044,SN-Evhl-77378,Transmission,Aftermarket,97,620.68
P00125,M031,SN-lcdZ-65987,Steering Wheel,OEM,16,597.19
P00126,M022,SN-Tvxm-79625,Brake Pad,Aftermarket,31,950.83
P00127,M041,SN-CEgG-92285,Engine,Aftermarket,64,553.44
P00128,M010,SN-AAVS-15240,Engine,Aftermarket,41,76.33
P00129,M019,SN-qdZU-37230,Steering Wheel,Aftermarket,19,716.36
P00130,M040,SN-xaCD-46283,Battery,Aftermarket,48,161.01
P00131,M045,SN-lDMe-57325,Battery,OEM,77,882.31
P00132,M026,SN-pZzA-69291,Headlight,Aftermarket,42,807.58
P00133,M024,SN-KUiE-13026,Oil Filter,Aftermarket,16,473.37
P00134,M036,SN-uvYj-17433,Transmission,OEM,99,153.5
P00135,M026,SN-iRym-03154,Brake Pad,Aftermarket,75,905.63
P00136,M049,SN-LAMy-75391,Engine,Aftermarket,65,79.94
P00137,M030,SN-ezgv-35942,Oil Filter,OEM,22,234.63
P00138,M016,SN-Ecln-76238,Transmission,OEM,95,537.02
P00139,M043,SN-vqda-54810,Air Filter,Aftermarket,87,56.48
P00140,M033,SN-YSGJ-99313,Air Filter,Aftermarket,12,631.45
P00141,M033,SN-CLZC-80658,Headlight,OEM,85,523.01
P00142,M021,SN-hMEo-34697,Oil Filter,Aftermarket,24,845.2
P00143,M031,SN-Nghh-53645,Air Filter,Aftermarket,85,393.78
P00144,M004,SN-Nbpz-83340,Brake Pad,Aftermarket,59,817.79
P00145,M022,SN-WZrG-35019,Air Filter,OEM,36,498.7
P00146,M008,SN-hFhQ-62889,Battery,OEM,20,411.11
P00147,M008,SN-YbYO-61606,Headlight,OEM,62,511.99
P00148,M001,SN-jAUy-71702,Engine,OEM,62,952.34
P00149,M033,SN-ugjX-15856,Steering Wheel,Aftermarket,56,648.52
P00150,M050,SN-ALdK-51703,Transmission,OEM,14,109.66
P00151,M038,SN-cBfP-13900,Battery,OEM,68,90.03
P00152,M016,SN-WPFk-19732,Transmission,OEM,86,937.39
P00153,M004,SN-SlMi-22996,Battery,OEM,17,953.79
P00154,M034,SN-Rrqy-31692,Air Filter,OEM,18,476.54
P00155,M037,SN-DfOy-85097,Headlight,OEM,36,228.26
P00156,M023,SN-USnd-86466,Battery,Aftermarket,34,728.48
P00157,M038,SN-PzFX-83396,Oil Filter,OEM,52,686.27
P00158,M015,SN-uGUu-35991,Headlight,Aftermarket,90,611.47
P00159,M040,SN-xOeE-26596,Steering Wheel,Aftermarket,51,504.78
P00160,M026,SN-uXMn-63083,Headlight,Aftermarket,92,626.85
P00161,M039,SN-QmLL-95941,Steering Wheel,OEM,96,969.98
P00162,M013,SN-gjTN-92906,Oil Filter,OEM,93,936.85
P00163,M014,SN-GWaF-41915,Engine,Aftermarket,73,672.64
P00164,M035,SN-BYvt-65171,Oil Filter,OEM,12,712.93
P00165,M046,SN-pKml-13118,Engine,OEM,85,429.43
P00166,M006,SN-qRBF-63577,Oil Filter,Aftermarket,46,536.4
P00167,M030,SN-yrlZ-31769,Headlight,OEM,71,756.04
P00168,M033,SN-FnSd-34541,Air Filter,OEM,73,169.92
P00169,M016,SN-wPgb-64086,Oil Filter,Aftermarket,72,577.73
P00170,M037,SN-Tjmw-12743,Oil Filter,OEM,24,480.31
P00171,M048,SN-YuUy-63290,Brake Pad,Aftermarket,89,128.25
P00172,M015,SN-jwWA-59204,Battery,Aftermarket,38,621.11
P00173,M007,SN-lkvM-99835,Transmission,OEM,27,297.24
P00174,M022,SN-HIMA-60380,Transmission,OEM,80,962.44
P00175,M050,SN-OKqO-12029,Air Filter,Aftermarket,92,556.76
P00176,M034,SN-ggIc-31543,Headlight,Aftermarket,75,850.51
P00177,M049,SN-qaWC-41563,Engine,OEM,45,952.98
P00178,M011,SN-RAFg-10957,Air Filter,OEM,71,993.58
P00179,M026,SN-qOWt-58713,Engine,Aftermarket,44,797.7
P00180,M025,SN-WBnJ-25154,Headlight,Aftermarket,80,710.22
P00181,M048,SN-DPBX-12317,Oil Filter,OEM,22,548.36
P00182,M011,SN-JKIr-52364,Engine,OEM,33,321.73
P00183,M046,SN-JZWt-27324,Oil Filter,OEM,54,530.68
P00184,M040,SN-UiTO-00239,Steering Wheel,Aftermarket,96,453.65
P00185,M011,SN-EadG-35137,Headlight,Aftermarket,77,789.23
P00186,M014,SN-hXFb-98404,Brake Pad,Aftermarket,88,729.33
P00187,M016,SN-DPiw-53390,Battery,OEM,88,327.68
P00188,M023,SN-lnWT-46473,Brake Pad,Aftermarket,44,193.75
P00189,M018,SN-oqcu-16288,Headlight,OEM,59,857.68
P00190,M035,SN-Drki-29629,Engine,Aftermarket,23,245.14
P00191,M043,SN-PuHT-94174,Brake Pad,OEM,95,528.27
P00192,M039,SN-AgSg-55052,Battery,OEM,54,420.62
P00193,M003,SN-jNbW-71010,Steering Wheel,Aftermarket,81,706.01
P00194,M032,SN-Pgyj-43002,Battery,OEM,98,420.1
P00195,M037,SN-jEXd-91028,Headlight,Aftermarket,42,792.56
P00196,M005,SN-KOWU-84067,Headlight,OEM,59,405.06
P00197,M020,SN-DZIF-63064,Air Filter,Aftermarket,26,904.22
P00198,M010,SN-hWWM-67832,Oil Filter,OEM,29,289.76
P00199,M050,SN-Xcxb-19754,Brake Pad,Aftermarket,16,797.99
P00200,M026,SN-HYVB-21127,Oil Filter,OEM,37,811.58
P00201,M021,SN-xKpY-63199,Battery,OEM,60,617.11
P00202,M038,SN-sVNp-61520,Air Filter,OEM,45,169.24
P00203,M024,SN-tAwC-60625,Steering Wheel,OEM,98,133.63
P00204,M023,SN-NQHm-30431,Air Filter,OEM,46,437.61
P00205,M002,SN-odtF-37508,Oil Filter,OEM,30,860.14
P00206,M013,SN-aDBH-55291,Battery,OEM,74,532.12
P00207,M050,SN-idRy-38814,Oil Filter,OEM,73,62.92
P00208,M029,SN-COrv-64840,Engine,Aftermarket,87,704.7
P00209,M046,SN-bwsQ-52727,Battery,Aftermarket,77,762.62
P00210,M001,SN-EYqe-21742,Air Filter,Aftermarket,74,940.47
P00211,M024,SN-yWKQ-10286,Engine,OEM,11,487.61
P00212,M049,SN-JsOZ-42464,Transmission,OEM,71,825.64
P00213,M048,SN-HJhj-87915,Transmission,OEM,47,736.13
P00214,M013,SN-WnUO-96262,Air Filter,OEM,59,837.9
P00215,M034,SN-Ewbl-71409,Air Filter,OEM,41,215.45
P00216,M005,SN-XJpF-51330,Transmission,Aftermarket,89,664.52
P00217,M006,SN-FlZV-89647,Battery,OEM,36,80.04
P00218,M017,SN-BpQb-54613,Oil Filter,Aftermarket,32,862.78
P00219,M017,SN-hSrv-54581,Battery,OEM,66,868.54
P00220,M029,SN-NJQM-89294,Air Filter,OEM,39,867.61
P00221,M016,SN-jhsC-90300,Headlight,Aftermarket,25,56.11
P00222,M046,SN-HTBq-68873,Air Filter,Aftermarket,95,806.21
P00223,M050,SN-lsOj-13808,Brake Pad,Aftermarket,64,143.46
P00224,M019,SN-oBgE-97916,Oil Filter,OEM,66,683.48
P00225,M016,SN-LOpk-30073,Brake Pad,OEM,43,117.42
P00226,M002,SN-AwRM-67865,Transmission,OEM,27,777.12
P00227,M033,SN-DnDH-38128,Headlight,Aftermarket,56,404.89
P00228,M034,SN-cWHI-23031,Oil Filter,Aftermarket,56,380.49
P00229,M047,SN-CmZd-30822,Headlight,OEM,14,145.35
P00230,M041,SN-Olvq-14790,Battery,Aftermarket,83,876.04
P00231,M008,SN-FKOM-02672,Transmission,Aftermarket,23,332.74
P00232,M037,SN-YkvT-35779,Steering Wheel,OEM,80,165.59
P00233,M048,SN-aanr-68357,Battery,OEM,26,568.27
P00234,M034,SN-Lfwb-63542,Battery,Aftermarket,54,743.02
P00235,M017,SN-fsgh-80850,Headlight,Aftermarket,13,410.69
P00236,M025,SN-idEf-13963,Headlight,Aftermarket,15,71.31
P00237,M018,SN-vSHI-86188,Transmission,Aftermarket,98,151.22
P00238,M037,SN-qWaL-59990,Oil Filter,OEM,19,525.24
P00239,M011,SN-TeEa-08664,Brake Pad,OEM,66,428.93
P00240,M001,SN-YJIe-93640,Transmission,OEM,49,201.21
P00241,M041,SN-OynY-83236,Brake Pad,Aftermarket,78,471.65
P00242,M050,SN-YrJs-43142,Transmission,OEM,31,757.1
P00243,M013,SN-mbrD-30697,Air Filter,OEM,69,865.92
P00244,M012,SN-UwCM-07726,Transmission,OEM,48,273.58
P00245,M042,SN-hPdX-53056,Air Filter,OEM,86,217.72
P00246,M013,SN-PKZc-06980,Headlight,OEM,69,650.33
P00247,M043,SN-CXVZ-12312,Air Filter,Aftermarket,81,97.93
P00248,M049,SN-IVhz-06227,Steering Wheel,OEM,17,396.09
P00249,M033,SN-HFJR-61509,Brake Pad,Aftermarket,51,248.14
P00250,M012,SN-Ekgb-54773,Transmission,Aftermarket,87,516.31
P00251,M049,SN-DjdI-82600,Transmission,OEM,82,359.04
P00252,M027,SN-gZsA-99486,Oil Filter,Aftermarket,70,829.03
P00253,M022,SN-ITDt-10004,Engine,OEM,67,359.9
P00254,M006,SN-CRSE-55668,Transmission,Aftermarket,74,443.05
P00255,M041,SN-xUDp-79530,Engine,Aftermarket,14,80.79
P00256,M049,SN-CiUw-57816,Air Filter,Aftermarket,94,692.0
P00257,M033,SN-gtTz-95125,Battery,Aftermarket,27,374.41
P00258,M015,SN-Mfwu-17905,Engine,OEM,61,260.93
P00259,M029,SN-kGHU-10180,Headlight,Aftermarket,42,408.94
P00260,M039,SN-isgE-21367,Transmission,Aftermarket,20,418.82
P00261,M021,SN-GyfA-23343,Air Filter,Aftermarket,65,447.93
P00262,M034,SN-wiTr-56386,Air Filter,Aftermarket,82,458.43
P00263,M024,SN-UjCs-68616,Engine,Aftermarket,26,511.82
P00264,M012,SN-KIbq-35420,Headlight,Aftermarket,72,117.04
P00265,M035,SN-nnzU-53574,Battery,OEM,16,954.34
P00266,M014,SN-yaVn-93089,Transmission,OEM,29,368.29
P00267,M001,SN-EAOW-36100,Engine,Aftermarket,20,337.71
P00268,M040,SN-QShw-54362,Air Filter,OEM,40,516.24
P00269,M020,SN-ixCG-62370,Steering Wheel,OEM,84,304.52
P00270,M032,SN-qMvA-09347,Steering Wheel,OEM,99,394.79
P00271,M006,SN-mmJR-60678,Headlight,OEM,89,251.86
P00272,M034,SN-MQkO-43185,Oil Filter,OEM,29,901.93
P00273,M023,SN-vLva-08528,Transmission,Aftermarket,93,742.68
P00274,M023,SN-RVrw-49400,Headlight,OEM,64,309.22
P00275,M034,SN-mWam-94054,Air Filter,Aftermarket,55,262.76
P00276,M013,SN-SRLB-95547,Brake Pad,OEM,42,978.36
P00277,M005,SN-UEHJ-15783,Brake Pad,Aftermarket,75,707.28
P00278,M002,SN-PcAP-20853,Battery,OEM,87,243.83
P00279,M014,SN-bNTH-75270,Steering Wheel,OEM,55,366.07
P00280,M023,SN-YfOF-65576,Steering Wheel,OEM,37,663.82
P00281,M015,SN-eYFY-04665,Steering Wheel,OEM,64,730.59
P00282,M023,SN-DGkK-47895,Steering Wheel,OEM,63,326.95
P00283,M003,SN-VNPI-50568,Headlight,OEM,25,705.1
P00284,M033,SN-rkOu-96257,Brake Pad,OEM,33,507.33
P00285,M013,SN-Lvou-47869,Headlight,Aftermarket,33,954.88
P00286,M009,SN-uMId-29647,Transmission,Aftermarket,77,605.03
P00287,M018,SN-VmFt-38168,Transmission,Aftermarket,32,336.35
P00288,M017,SN-uAbh-55718,Brake Pad,OEM,88,409.96
P00289,M017,SN-TEwT-43546,Brake Pad,Aftermarket,74,305.94
P00290,M009,SN-tZIb-02200,Transmission,Aftermarket,24,803.44
P00291,M037,SN-ApEz-81761,Headlight,Aftermarket,93,607.62
P00292,M013,SN-kgJO-75024,Steering Wheel,Aftermarket,33,837.07
P00293,M007,SN-ufnX-86377,Oil Filter,Aftermarket,19,124.72
P00294,M041,SN-wjDJ-74164,Engine,Aftermarket,74,726.41
P00295,M050,SN-Wiez-81062,Transmission,Aftermarket,78,933.95
P00296,M043,SN-ApwV-61522,Steering Wheel,OEM,96,675.83
P00297,M018,SN-OwVh-86762,Brake Pad,Aftermarket,54,864.6
P00298,M009,SN-OIWT-93506,Transmission,OEM,55,493.56
P00299,M029,SN-eByB-45972,Brake Pad,OEM,82,535.1
P00300,M018,SN-qHbc-68326,Transmission,Aftermarket,96,203.74
P00301,M038,SN-BXws-48694,Transmission,OEM,27,195.89
P00302,M020,SN-BDYY-39098,Steering Wheel,OEM,80,357.16
P00303,M025,SN-jton-47096,Battery,Aftermarket,92,663.69
P00304,M035,SN-yDsb-04057,Battery,Aftermarket,29,986.52
P00305,M013,SN-nefu-31032,Brake Pad,Aftermarket,82,871.81
P00306,M013,SN-nBAm-26182,Headlight,Aftermarket,86,586.45
P00307,M048,SN-NcCL-74346,Oil Filter,OEM,63,191.91
P00308,M036,SN-ajhb-56850,Oil Filter,OEM,17,198.07
P00309,M041,SN-OMMv-98276,Steering Wheel,Aftermarket,14,490.87
P00310,M024,SN-EFFh-39484,Oil Filter,OEM,54,149.17
P00311,M032,SN-mqqd-45780,Headlight,Aftermarket,14,450.69
P00312,M020,SN-BaPI-07860,Battery,OEM,81,696.43
P00313,M050,SN-vnBw-04403,Engine,OEM,96,814.75
P00314,M020,SN-XuXi-85740,Transmission,Aftermarket,26,584.52
P00315,M035,SN-TUqx-79773,Brake Pad,Aftermarket,17,412.04
P00316,M015,SN-nRrM-08379,Oil Filter,OEM,59,388.04
P00317,M046,SN-yvKs-43441,Engine,Aftermarket,11,182.81
P00318,M031,SN-XpKw-58740,Air Filter,OEM,99,220.1
P00319,M005,SN-ySOw-47021,Oil Filter,OEM,99,884.15
P00320,M027,SN-BqOj-98140,Battery,Aftermarket,81,299.86
P00321,M013,SN-fsNC-51772,Engine,OEM,32,166.84
P00322,M036,SN-TbAI-25486,Oil Filter,OEM,11,934.02
P00323,M046,SN-bsNH-26908,Battery,Aftermarket,25,510.94
P00324,M018,SN-tnnI-31943,Transmission,OEM,89,187.26
P00325,M004,SN-IEUN-15205,Transmission,Aftermarket,57,143.19
P00326,M001,SN-isWO-20072,Brake Pad,OEM,72,816.58
P00327,M004,SN-FllL-70570,Oil Filter,Aftermarket,57,641.81
P00328,M042,SN-EqUX-62921,Air Filter,OEM,44,217.29
P00329,M007,SN-uTWl-21635,Steering Wheel,OEM,25,398.38
P00330,M050,SN-BGzA-69480,Air Filter,Aftermarket,88,508.02
P00331,M008,SN-nCay-82694,Steering Wheel,OEM,95,503.28
P00332,M020,SN-hqeo-48819,Battery,Aftermarket,73,175.55
P00333,M016,SN-keNt-17426,Air Filter,OEM,46,905.49
P00334,M037,SN-NHSV-50300,Battery,OEM,84,193.81
P00335,M003,SN-AAsw-03992,Air Filter,Aftermarket,12,709.43
P00336,M017,SN-dLXG-84834,Oil Filter,OEM,16,736.88
P00337,M023,SN-sSRR-87754,Transmission,OEM,42,920.15
P00338,M021,SN-uQgv-03226,Battery,Aftermarket,100,775.86
P00339,M020,SN-VhIh-52500,Oil Filter,OEM,22,487.79
P00340,M009,SN-XHon-32024,Headlight,OEM,47,338.72
P00341,M044,SN-OFnK-44341,Battery,Aftermarket,86,814.18
P00342,M026,SN-RwWH-21917,Brake Pad,Aftermarket,30,855.49
P00343,M029,SN-eudU-75455,Steering Wheel,Aftermarket,99,870.15
P00344,M014,SN-DDWo-87652,Transmission,Aftermarket,25,188.98
P00345,M049,SN-IEEw-90962,Battery,OEM,85,310.16
P00346,M016,SN-HgiK-63690,Headlight,Aftermarket,96,426.65
P00347,M007,SN-qRAd-02306,Transmission,Aftermarket,20,451.17
P00348,M045,SN-rmkf-93527,Engine,Aftermarket,57,973.3
P00349,M031,SN-fYUp-19396,Oil Filter,Aftermarket,46,386.68
P00350,M022,SN-vDxR-87732,Engine,OEM,30,602.92
P00351,M027,SN-QSAz-45097,Brake Pad,OEM,26,691.72
P00352,M017,SN-MNDx-25376,Oil Filter,OEM,21,504.35
P00353,M033,SN-BGGm-13290,Engine,OEM,31,625.33
P00354,M050,SN-JPpi-61532,Engine,Aftermarket,84,638.51
P00355,M044,SN-nXeN-39364,Engine,Aftermarket,16,765.6
P00356,M003,SN-dAav-97306,Air Filter,OEM,57,995.36
P00357,M012,SN-WPCD-42727,Headlight,Aftermarket,45,863.64
P00358,M023,SN-fwqF-94595,Headlight,Aftermarket,90,56.49
P00359,M036,SN-uTWH-37988,Air Filter,OEM,77,370.93
P00360,M044,SN-wsvm-98690,Oil Filter,Aftermarket,72,832.39
P00361,M016,SN-UwJA-72804,Headlight,OEM,26,369.82
P00362,M040,SN-RGtv-37469,Air Filter,Aftermarket,62,419.82
P00363,M009,SN-WQvC-92540,Air Filter,OEM,22,900.67
P00364,M047,SN-GMyj-31362,Headlight,Aftermarket,67,70.92
P00365,M037,SN-pRmH-10258,Transmission,Aftermarket,86,813.85
P00366,M047,SN-vnRz-81907,Steering Wheel,OEM,84,560.67
P00367,M001,SN-TCCu-65581,Steering Wheel,Aftermarket,30,991.12
P00368,M037,SN-IxkQ-79197,Transmission,Aftermarket,43,705.4
P00369,M002,SN-DZJh-93581,Transmission,OEM,12,304.61
P00370,M004,SN-zXaA-78065,Air Filter,OEM,61,404.06
P00371,M013,SN-iIpE-95512,Brake Pad,OEM,54,289.78
P00372,M044,SN-WPYb-66789,Transmission,OEM,21,381.36
P00373,M020,SN-rSGp-11728,Steering Wheel,Aftermarket,92,713.19
P00374,M012,SN-Kzyc-93155,Headlight,Aftermarket,94,551.74
P00375,M020,SN-YvBa-76114,Battery,OEM,35,164.95
P00376,M024,SN-pesK-52814,Headlight,Aftermarket,53,687.43
P00377,M008,SN-PvZt-43496,Transmission,Aftermarket,12,753.06
P00378,M017,SN-MFBX-94983,Headlight,Aftermarket,43,94.87
P00379,M027,SN-alVp-29913,Battery,Aftermarket,68,124.41
P00380,M037,SN-VfFI-80260,Engine,OEM,76,759.93
P00381,M026,SN-UAdk-93692,Transmission,OEM,21,750.19
P00382,M009,SN-mTtN-67128,Steering Wheel,Aftermarket,72,69.65
P00383,M046,SN-ZHbs-81330,Engine,Aftermarket,46,276.88
P00384,M041,SN-nTGy-25350,Engine,Aftermarket,89,881.98
P00385,M015,SN-EDso-03835,Steering Wheel,OEM,85,737.64
P00386,M014,SN-CgrT-68026,Oil Filter,Aftermarket,11,690.65
P00387,M049,SN-FBbT-28620,Steering Wheel,OEM,59,55.35
P00388,M014,SN-cnTB-96460,Headlight,Aftermarket,49,666.88
P00389,M016,SN-toDI-98381,Brake Pad,OEM,73,688.7
P00390,M011,SN-iUMa-67606,Engine,OEM,45,446.2
P00391,M001,SN-VCtx-48466,Brake Pad,OEM,11,153.94
P00392,M008,SN-cljt-63127,Engine,OEM,39,53.03
P00393,M030,SN-khZb-00898,Transmission,Aftermarket,12,119.25
P00394,M021,SN-QrBB-16635,Transmission,OEM,14,109.62
P00395,M014,SN-cOqU-37076,Brake Pad,OEM,77,986.33
P00396,M040,SN-nnWU-51088,Engine,Aftermarket,37,51.11
P00397,M038,SN-hBaU-16500,Air Filter,OEM,77,499.96
P00398,M039,SN-tCmG-36164,Air Filter,OEM,19,155.81
P00399,M026,SN-Uuqd-29107,Air Filter,Aftermarket,60,755.13
P00400,M043,SN-WmtD-65094,Battery,OEM,66,971.53
P00401,M034,SN-uVdi-31589,Oil Filter,Aftermarket,46,92.37
P00402,M015,SN-jTmV-41350,Headlight,Aftermarket,54,767.14
P00403,M001,SN-QDvz-15549,Engine,Aftermarket,59,485.05
P00404,M015,SN-gaVR-72013,Engine,OEM,31,749.91
P00405,M023,SN-RNGy-53994,Oil Filter,Aftermarket,54,234.46
P00406,M012,SN-YTcz-23018,Transmission,OEM,20,798.12
P00407,M019,SN-HnvT-94068,Engine,OEM,86,554.79
P00408,M019,SN-MbzF-66752,Oil Filter,OEM,98,943.47
P00409,M019,SN-ePFW-67286,Engine,Aftermarket,72,696.19
P00410,M050,SN-cBuC-61935,Steering Wheel,OEM,93,944.91
P00411,M025,SN-wBVo-68885,Transmission,Aftermarket,27,545.28
P00412,M045,SN-glRn-54971,Steering Wheel,OEM,26,543.26
P00413,M035,SN-bHoV-15359,Steering Wheel,OEM,18,833.01
P00414,M027,SN-zMWM-97164,Headlight,OEM,45,117.5
P00415,M016,SN-rBNW-99564,Engine,OEM,60,259.09
P00416,M046,SN-ttmg-79602,Oil Filter,OEM,78,852.86
P00417,M030,SN-hGAy-32235,Steering Wheel,OEM,98,412.88
P00418,M036,SN-ulOD-97636,Headlight,OEM,20,582.54
P00419,M005,SN-nygM-10124,Engine,OEM,50,921.47
P00420,M014,SN-mwcp-72013,Transmission,Aftermarket,68,144.53
P00421,M022,SN-NExm-77775,Headlight,OEM,92,530.89
P00422,M033,SN-qeAC-61444,Engine,Aftermarket,65,819.56
P00423,M039,SN-SjgU-72259,Oil Filter,Aftermarket,44,92.36
P00424,M049,SN-SBxQ-04263,Battery,Aftermarket,77,87.09
P00425,M023,SN-gokU-35467,Air Filter,OEM,10,452.26
P00426,M042,SN-TioN-39868,Oil Filter,OEM,99,628.5
P00427,M047,SN-Mfuq-12167,Air Filter,OEM,48,526.55
P00428,M011,SN-ONYw-68059,Oil Filter,Aftermarket,79,195.63
P00429,M043,SN-Wcys-22300,Steering Wheel,OEM,10,361.57
P00430,M010,SN-PUVs-61381,Engine,OEM,41,966.93
P00431,M013,SN-zMZM-72293,Battery,OEM,35,273.5
P00432,M045,SN-YEZL-26100,Engine,OEM,97,155.56
P00433,M046,SN-OGRW-79606,Transmission,OEM,14,489.07
P00434,M006,SN-bOQH-62338,Engine,Aftermarket,98,844.91
P00435,M014,SN-aEHz-55730,Air Filter,OEM,26,828.63
P00436,M042,SN-whSQ-74388,Headlight,OEM,55,979.31
P00437,M010,SN-GbhE-05068,Air Filter,OEM,25,448.85
P00438,M018,SN-AWjh-44720,Battery,OEM,84,751.09
P00439,M047,SN-vFNn-14962,Air Filter,OEM,48,195.04
P00440,M008,SN-ZwEq-68406,Steering Wheel,Aftermarket,48,458.44
P00441,M025,SN-Tbto-60047,Brake Pad,Aftermarket,52,471.76
P00442,M044,SN-cQzR-15832,Steering Wheel,OEM,82,292.44
P00443,M014,SN-CkUD-18587,Headlight,OEM,11,580.03
P00444,M014,SN-mYvE-39495,Brake Pad,OEM,19,746.75
P00445,M021,SN-yxnz-21620,Engine,Aftermarket,96,510.49
P00446,M043,SN-owQt-15467,Headlight,Aftermarket,43,267.3
P00447,M017,SN-WrCn-64576,Steering Wheel,Aftermarket,62,573.44
P00448,M007,SN-fNrE-71602,Steering Wheel,OEM,68,285.37
P00449,M015,SN-OTDi-72564,Headlight,Aftermarket,21,927.21
P00450,M046,SN-veMa-36332,Battery,OEM,44,124.89
P00451,M049,SN-MuSO-59023,Air Filter,OEM,17,826.4
P00452,M043,SN-uccf-69417,Air Filter,OEM,46,484.49
P00453,M040,SN-QEdI-48868,Air Filter,Aftermarket,49,877.76
P00454,M014,SN-xXnl-61633,Headlight,Aftermarket,100,276.75
P00455,M004,SN-UmLC-25293,Transmission,Aftermarket,31,255.96
P00456,M003,SN-MLGK-78616,Transmission,Aftermarket,18,438.39
P00457,M043,SN-RIGd-25649,Brake Pad,Aftermarket,33,466.21
P00458,M005,SN-oBne-76478,Brake Pad,OEM,28,648.75
P00459,M007,SN-SXPI-00766,Steering Wheel,OEM,54,674.41
P00460,M004,SN-MdIR-72828,Transmission,Aftermarket,85,659.18
P00461,M024,SN-PtOl-01029,Engine,Aftermarket,84,364.03
P00462,M014,SN-gycW-09753,Transmission,Aftermarket,34,738.18
P00463,M007,SN-Zdbe-22732,Transmission,Aftermarket,51,167.07
P00464,M026,SN-AvUq-43146,Transmission,OEM,65,801.48
P00465,M006,SN-PbFw-64079,Headlight,OEM,42,322.07
P00466,M047,SN-qNVh-94818,Engine,Aftermarket,24,677.94
P00467,M043,SN-Axdx-35090,Transmission,Aftermarket,81,797.02
P00468,M023,SN-VOwh-28466,Headlight,OEM,67,658.82
P00469,M041,SN-WFRV-72413,Transmission,Aftermarket,38,674.47
P00470,M033,SN-IVLS-80228,Battery,Aftermarket,42,840.91
P00471,M023,SN-QgWF-95322,Steering Wheel,Aftermarket,62,102.51
P00472,M025,SN-HyKB-79145,Air Filter,Aftermarket,91,647.4
P00473,M015,SN-OjPP-70382,Oil Filter,OEM,11,412.18
P00474,M046,SN-JluI-30858,Battery,Aftermarket,78,572.33
P00475,M033,SN-mrMl-41124,Brake Pad,OEM,29,535.81
P00476,M023,SN-tDcu-21747,Battery,Aftermarket,46,635.44
P00477,M031,SN-DKzc-94866,Air Filter,OEM,39,671.38
P00478,M047,SN-JfhC-72165,Battery,OEM,13,836.88
P00479,M016,SN-JcsC-96562,Steering Wheel,OEM,55,665.78
P00480,M007,SN-iJkm-31415,Steering Wheel,Aftermarket,15,587.38
P00481,M042,SN-FKgf-31158,Transmission,Aftermarket,88,354.28
P00482,M036,SN-cwsk-95753,Oil Filter,Aftermarket,63,715.51
P00483,M034,SN-qtaV-61871,Engine,OEM,96,138.48
P00484,M010,SN-QOHp-42210,Battery,Aftermarket,67,945.37
P00485,M048,SN-kIGm-27299,Oil Filter,OEM,31,78.53
P00486,M039,SN-pgwi-85053,Battery,Aftermarket,95,239.98
P00487,M048,SN-HJfm-65480,Engine,OEM,56,544.25
P00488,M038,SN-txsm-88134,Steering Wheel,OEM,83,222.13
P00489,M016,SN-qYkT-68554,Brake Pad,OEM,43,594.95
P00490,M042,SN-mHEU-02471,Transmission,OEM,21,978.15
P00491,M002,SN-Yfwh-19615,Headlight,Aftermarket,54,171.26
P00492,M010,SN-aFgQ-37111,Air Filter,OEM,83,392.12
P00493,M030,SN-Sial-52800,Engine,Aftermarket,89,81.96
P00494,M040,SN-fofB-69393,Headlight,Aftermarket,75,347.05
P00495,M045,SN-ZPRD-38711,Engine,Aftermarket,77,896.68
P00496,M019,SN-ICym-84138,Steering Wheel,OEM,57,60.16
P00497,M025,SN-pkrB-95966,Air Filter,OEM,46,250.16
P00498,M035,SN-IUgJ-03553,Steering Wheel,OEM,35,573.69
P00499,M045,SN-xSjN-33911,Air Filter,OEM,74,245.1
P00500,M007,SN-gmVx-94829,Brake Pad,OEM,58,939.55
P00501,M035,SN-EEmT-89728,Steering Wheel,Aftermarket,82,892.8
P00502,M046,SN-JTgO-59820,Transmission,Aftermarket,68,282.9
P00503,M043,SN-tBpc-03753,Headlight,OEM,46,419.19
P00504,M041,SN-cQxB-61153,Steering Wheel,OEM,92,463.46
P00505,M016,SN-oiBD-59058,Steering Wheel,Aftermarket,29,999.08
P00506,M020,SN-lyYB-70567,Air Filter,Aftermarket,17,543.28
P00507,M028,SN-mHdy-57664,Oil Filter,OEM,87,430.12
P00508,M041,SN-oDHu-55119,Engine,OEM,32,978.52
P00509,M047,SN-hWOL-44720,Engine,Aftermarket,11,807.15
P00510,M019,SN-XtQa-19610,Headlight,Aftermarket,84,177.65
P00511,M049,SN-MxOU-17403,Air Filter,OEM,42,236.22
P00512,M049,SN-XCci-26334,Air Filter,OEM,98,511.78
P00513,M033,SN-Vnvw-89139,Steering Wheel,OEM,11,155.22
P00514,M002,SN-uodx-35630,Battery,OEM,92,562.48
P00515,M028,SN-XtBo-48640,Headlight,Aftermarket,92,639.53
P00516,M034,SN-PJaq-37141,Headlight,Aftermarket,79,327.68
P00517,M040,SN-cPkL-55094,Headlight,OEM,41,129.65
P00518,M015,SN-QiwO-25560,Air Filter,OEM,41,341.23
P00519,M046,SN-xubD-72815,Brake Pad,Aftermarket,62,714.54
P00520,M037,SN-IpoZ-21561,Oil Filter,OEM,60,183.5
P00521,M030,SN-wCNx-56117,Engine,OEM,46,364.34
P00522,M002,SN-Thkc-45614,Battery,Aftermarket,38,113.56
P00523,M005,SN-UHNN-82660,Air Filter,OEM,76,334.79
P00524,M008,SN-PLCA-87235,Battery,Aftermarket,52,610.02
P00525,M009,SN-yycs-43521,Oil Filter,OEM,91,237.2
P00526,M008,SN-tzXp-81343,Steering Wheel,Aftermarket,22,349.66
P00527,M031,SN-IIVa-56481,Headlight,OEM,95,611.83
P00528,M044,SN-hxtV-69937,Steering Wheel,Aftermarket,89,441.53
P00529,M032,SN-bzOi-66419,Transmission,Aftermarket,55,547.26
P00530,M036,SN-lmNb-84660,Air Filter,OEM,58,122.3
P00531,M033,SN-eMnm-56475,Headlight,Aftermarket,61,228.92
P00532,M008,SN-eiVA-19334,Engine,Aftermarket,84,210.83
P00533,M034,SN-vVoE-71013,Battery,Aftermarket,28,652.28
P00534,M011,SN-iNQi-87169,Oil Filter,Aftermarket,44,88.74
P00535,M038,SN-FFcW-18944,Battery,Aftermarket,68,829.2
P00536,M011,SN-ZHUK-05823,Engine,Aftermarket,53,556.12
P00537,M047,SN-QCkt-94799,Air Filter,Aftermarket,44,751.44
P00538,M009,SN-wlic-72091,Oil Filter,Aftermarket,64,445.68
P00539,M012,SN-WYhq-55082,Brake Pad,Aftermarket,91,956.21
P00540,M007,SN-GPdC-26999,Steering Wheel,OEM,53,284.68
P00541,M031,SN-ruXx-45681,Air Filter,Aftermarket,46,223.49
P00542,M023,SN-vNKq-84219,Headlight,Aftermarket,37,744.89
P00543,M044,SN-VtMN-97920,Battery,OEM,43,155.65
P00544,M034,SN-wbli-47281,Transmission,OEM,68,280.24
P00545,M047,SN-iCEh-62121,Brake Pad,OEM,28,677.73
P00546,M016,SN-kOUV-93898,Brake Pad,Aftermarket,70,590.92
P00547,M035,SN-pBli-88079,Headlight,Aftermarket,35,707.21
P00548,M015,SN-sETU-52205,Headlight,Aftermarket,33,810.23
P00549,M041,SN-yfVa-16656,Transmission,OEM,31,803.39
P00550,M049,SN-LWCA-02972,Steering Wheel,OEM,48,998.89
P00551,M034,SN-lwTA-26617,Headlight,OEM,43,788.74
P00552,M024,SN-wXJl-73481,Engine,OEM,50,325.36
P00553,M036,SN-HksR-30697,Headlight,OEM,43,211.98
P00554,M032,SN-PpRW-18861,Headlight,Aftermarket,37,544.16
P00555,M001,SN-rwko-27181,Steering Wheel,OEM,86,75.71
P00556,M042,SN-bYnJ-05693,Oil Filter,OEM,62,864.53
P00557,M018,SN-pecL-87526,Transmission,OEM,14,764.98
P00558,M023,SN-QsuT-59113,Steering Wheel,Aftermarket,57,349.03
P00559,M045,SN-benP-84714,Transmission,OEM,55,230.65
P00560,M025,SN-jMTI-28398,Engine,OEM,56,254.39
P00561,M043,SN-uBpq-14863,Headlight,Aftermarket,54,268.63
P00562,M026,SN-pSmP-21932,Battery,OEM,49,686.82
P00563,M021,SN-fyCz-67654,Battery,Aftermarket,32,56.8
P00564,M005,SN-sxed-99597,Air Filter,OEM,58,325.53
P00565,M024,SN-mafV-41523,Brake Pad,OEM,94,158.86
P00566,M040,SN-HsfO-78534,Steering Wheel,OEM,75,685.12
P00567,M034,SN-tNEH-15714,Transmission,OEM,28,988.8
P00568,M027,SN-sNHw-12164,Headlight,Aftermarket,51,486.73
P00569,M023,SN-aTYI-40597,Air Filter,Aftermarket,12,542.18
P00570,M005,SN-YAGd-11837,Brake Pad,Aftermarket,30,373.65
P00571,M034,SN-mfaL-09631,Headlight,OEM,66,818.48
P00572,M025,SN-jLCW-24133,Brake Pad,OEM,92,505.96
P00573,M042,SN-wohl-68136,Brake Pad,OEM,85,112.61
P00574,M003,SN-DcgR-29932,Transmission,OEM,46,363.12
P00575,M017,SN-gLoi-48089,Engine,OEM,58,688.83
P00576,M043,SN-anUu-87929,Oil Filter,Aftermarket,82,318.67
P00577,M007,SN-MDxh-86882,Oil Filter,Aftermarket,85,439.8
P00578,M027,SN-zNxN-31399,Headlight,OEM,39,185.16
P00579,M046,SN-ortV-78444,Air Filter,Aftermarket,80,497.28
P00580,M040,SN-hOjX-50420,Battery,OEM,15,558.25
P00581,M044,SN-RtHq-28187,Battery,OEM,100,675.84
P00582,M039,SN-pXmf-14555,Headlight,OEM,23,509.94
P00583,M002,SN-rIZq-17269,Headlight,OEM,78,718.08
P00584,M023,SN-aZzI-84972,Oil Filter,Aftermarket,75,760.71
P00585,M026,SN-iVKd-64973,Steering Wheel,Aftermarket,66,89.03
P00586,M048,SN-EYoy-85691,Brake Pad,Aftermarket,88,234.7
P00587,M041,SN-RvRC-29895,Battery,OEM,34,839.65
P00588,M029,SN-ahLG-70948,Brake Pad,Aftermarket,81,413.02
P00589,M037,SN-sTlC-10593,Engine,Aftermarket,44,608.76
P00590,M020,SN-QnyJ-52277,Engine,Aftermarket,71,478.12
P00591,M020,SN-vLHo-03075,Headlight,Aftermarket,98,444.98
P00592,M049,SN-oltQ-45988,Headlight,OEM,57,643.75
P00593,M025,SN-vEiK-74227,Engine,Aftermarket,67,506.42
P00594,M049,SN-QfLa-57250,Oil Filter,Aftermarket,78,955.49
P00595,M022,SN-OFhk-06706,Air Filter,OEM,20,215.97
P00596,M032,SN-tiYT-44467,Headlight,OEM,80,206.24
P00597,M019,SN-wUWF-42944,Headlight,Aftermarket,60,434.46
P00598,M026,SN-aKaI-94850,Steering Wheel,OEM,16,749.23
P00599,M043,SN-jMUZ-43816,Engine,OEM,100,939.42
P00600,M016,SN-fGDP-87941,Transmission,Aftermarket,55,864.61
P00601,M013,SN-DDkY-96641,Headlight,Aftermarket,83,598.9
P00602,M046,SN-Mszy-73045,Brake Pad,Aftermarket,24,815.19
P00603,M036,SN-DNjP-45686,Engine,Aftermarket,91,319.59
P00604,M029,SN-Xzud-95506,Steering Wheel,Aftermarket,43,945.49
P00605,M005,SN-eIGS-75739,Air Filter,OEM,66,462.65
P00606,M020,SN-QNxt-36609,Engine,Aftermarket,92,491.87
P00607,M027,SN-iSSW-41755,Battery,OEM,27,963.82
P00608,M036,SN-jotz-04616,Battery,Aftermarket,56,944.93
P00609,M030,SN-HfeW-34241,Air Filter,OEM,87,249.43
P00610,M050,SN-RjNX-48390,Engine,OEM,100,312.53
P00611,M003,SN-UHWG-83222,Headlight,Aftermarket,75,123.68
P00612,M018,SN-rAme-68406,Steering Wheel,OEM,30,236.01
P00613,M029,SN-xhSu-35246,Headlight,OEM,61,132.58
P00614,M005,SN-LxwM-35070,Battery,Aftermarket,34,848.24
P00615,M006,SN-fVsT-47604,Oil Filter,OEM,40,127.18
P00616,M040,SN-YAxi-15248,Brake Pad,OEM,83,129.25
P00617,M002,SN-wtMQ-02495,Steering Wheel,Aftermarket,55,326.43
P00618,M018,SN-zuvm-67690,Air Filter,Aftermarket,76,736.46
P00619,M006,SN-UASp-24673,Air Filter,Aftermarket,82,698.92
P00620,M043,SN-mfdN-67823,Oil Filter,Aftermarket,22,432.58
P00621,M003,SN-qLtd-59562,Engine,OEM,48,130.87
P00622,M018,SN-OlDT-50461,Transmission,Aftermarket,50,906.42
P00623,M026,SN-QcVA-14026,Air Filter,OEM,83,169.86
P00624,M037,SN-NDbM-56997,Air Filter,Aftermarket,62,747.07
P00625,M010,SN-BxQN-84924,Brake Pad,OEM,54,845.84
P00626,M045,SN-sXcd-64240,Air Filter,OEM,66,557.01
P00627,M025,SN-KaMr-34078,Headlight,OEM,27,735.69
P00628,M031,SN-HWkO-20961,Oil Filter,OEM,76,763.34
P00629,M023,SN-iPsc-04322,Headlight,OEM,51,772.77
P00630,M031,SN-LScJ-20672,Brake Pad,Aftermarket,13,131.37
P00631,M019,SN-wniC-37952,Steering Wheel,Aftermarket,14,255.16
P00632,M035,SN-HaLk-35214,Battery,Aftermarket,36,899.75
P00633,M033,SN-xmhg-51747,Brake Pad,Aftermarket,44,849.2
P00634,M037,SN-TldY-86223,Transmission,Aftermarket,22,274.43
P00635,M013,SN-RPOo-96078,Transmission,OEM,67,143.94
P00636,M020,SN-KZPK-02921,Engine,OEM,15,532.12
P00637,M004,SN-eKUa-97354,Battery,Aftermarket,88,901.6
P00638,M045,SN-rKKj-26432,Engine,Aftermarket,38,697.08
P00639,M039,SN-aQhN-77534,Battery,OEM,38,625.29
P00640,M017,SN-TQIk-67302,Brake Pad,Aftermarket,95,315.9
P00641,M017,SN-WjQd-06410,Battery,OEM,99,363.7
P00642,M036,SN-qyCa-43567,Brake Pad,OEM,67,757.33
P00643,M016,SN-DAWW-67383,Battery,Aftermarket,17,900.98
P00644,M008,SN-lKtT-84517,Oil Filter,OEM,80,611.74
P00645,M029,SN-QzfE-96092,Air Filter,OEM,67,795.79
P00646,M010,SN-TKoD-22065,Oil Filter,OEM,80,245.93
P00647,M021,SN-fVty-26099,Oil Filter,Aftermarket,58,202.81
P00648,M017,SN-MvHX-04730,Oil Filter,Aftermarket,69,140.78
P00649,M027,SN-NlAA-20734,Transmission,Aftermarket,19,496.68
P00650,M027,SN-zUSe-17549,Brake Pad,Aftermarket,62,766.43
P00651,M008,SN-VJWT-01220,Brake Pad,OEM,71,605.65
P00652,M038,SN-GjRp-95026,Battery,OEM,16,853.4
P00653,M019,SN-HEsz-60018,Oil Filter,OEM,36,859.45
P00654,M015,SN-iqnk-44010,Steering Wheel,Aftermarket,73,162.3
P00655,M031,SN-fmKK-11839,Air Filter,OEM,72,820.75
P00656,M034,SN-CjQI-27028,Headlight,OEM,28,783.23
P00657,M009,SN-WynE-47304,Steering Wheel,OEM,93,144.4
P00658,M012,SN-rvwG-52183,Transmission,OEM,58,115.86
P00659,M038,SN-pZpW-11035,Engine,Aftermarket,48,770.53
P00660,M042,SN-BcYE-28821,Steering Wheel,OEM,88,193.12
P00661,M048,SN-aPpN-59424,Steering Wheel,OEM,51,70.01
P00662,M015,SN-JLij-71653,Engine,Aftermarket,83,315.33
P00663,M047,SN-KBEQ-04645,Air Filter,Aftermarket,51,588.14
P00664,M038,SN-bQvz-15850,Headlight,Aftermarket,99,125.8
P00665,M045,SN-cRKK-11059,Transmission,OEM,71,881.71
P00666,M040,SN-rRbI-44053,Brake Pad,OEM,60,137.81
P00667,M020,SN-HcXQ-60934,Transmission,Aftermarket,82,773.0
P00668,M002,SN-PYYj-54403,Steering Wheel,OEM,13,878.59
P00669,M018,SN-VQWa-85423,Engine,Aftermarket,93,477.31
P00670,M023,SN-zvTC-41431,Headlight,OEM,23,215.59
P00671,M032,SN-nyyz-11559,Air Filter,OEM,68,159.75
P00672,M012,SN-HDIq-61767,Engine,OEM,48,388.83
P00673,M017,SN-QhqD-35040,Engine,Aftermarket,11,910.47
P00674,M009,SN-IviB-54230,Brake Pad,Aftermarket,64,810.72
P00675,M021,SN-ZZon-61873,Steering Wheel,Aftermarket,36,140.44
P00676,M028,SN-SzyE-62709,Transmission,Aftermarket,53,633.73
P00677,M013,SN-mvmy-85228,Battery,Aftermarket,65,966.15
P00678,M049,SN-ehRQ-73636,Air Filter,OEM,27,206.34
P00679,M007,SN-rTZh-55805,Headlight,OEM,74,140.74
P00680,M047,SN-dnIE-39415,Battery,Aftermarket,32,218.98
P00681,M001,SN-ZUmV-59349,Steering Wheel,OEM,62,81.46
P00682,M008,SN-lMRt-51307,Battery,OEM,85,307.53
P00683,M023,SN-AfNv-64874,Engine,Aftermarket,94,746.22
P00684,M005,SN-BKAu-74995,Steering Wheel,Aftermarket,66,203.3
P00685,M029,SN-dNtt-54282,Steering Wheel,OEM,21,441.32
P00686,M020,SN-zlyr-29710,Oil Filter,OEM,50,220.96
P00687,M032,SN-zsjr-86938,Air Filter,Aftermarket,46,342.58
P00688,M018,SN-jufz-90332,Engine,Aftermarket,83,223.78
P00689,M013,SN-zeay-88209,Engine,OEM,48,735.63
P00690,M039,SN-nExB-63776,Air Filter,OEM,81,903.12
P00691,M019,SN-HGfT-22766,Battery,OEM,17,644.82
P00692,M018,SN-MZcg-50727,Brake Pad,Aftermarket,18,171.92
P00693,M014,SN-LAmp-12982,Oil Filter,OEM,36,142.89
P00694,M014,SN-uARQ-69444,Battery,OEM,25,476.93
P00695,M039,SN-pwKH-83855,Headlight,Aftermarket,73,91.95
P00696,M028,SN-GzZP-11877,Battery,OEM,73,641.5
P00697,M033,SN-HNSk-25007,Air Filter,Aftermarket,64,923.27
P00698,M042,SN-JObX-66491,Brake Pad,OEM,16,749.67
P00699,M018,SN-UlGs-89723,Headlight,OEM,80,552.18
P00700,M012,SN-etRs-95944,Steering Wheel,OEM,73,768.19
P00701,M012,SN-brsW-32596,Transmission,OEM,27,393.09
P00702,M013,SN-oXiK-57338,Headlight,OEM,93,606.15
P00703,M008,SN-Izpd-41500,Battery,Aftermarket,48,534.13
P00704,M031,SN-Qxqs-79318,Headlight,Aftermarket,64,221.7
P00705,M034,SN-wZPj-76542,Air Filter,OEM,75,103.55
P00706,M044,SN-QDRy-06793,Steering Wheel,Aftermarket,53,765.95
P00707,M022,SN-uKQR-53035,Headlight,OEM,24,465.49
P00708,M040,SN-mvOG-50458,Headlight,Aftermarket,12,714.15
P00709,M050,SN-SsYm-12921,Headlight,Aftermarket,44,746.25
P00710,M008,SN-hlXY-31547,Engine,Aftermarket,41,432.89
P00711,M023,SN-XPtd-97309,Air Filter,OEM,89,677.0
P00712,M049,SN-WoOF-08902,Headlight,OEM,77,613.77
P00713,M034,SN-FKtk-79782,Air Filter,OEM,96,558.21
P00714,M020,SN-votA-97980,Transmission,Aftermarket,54,253.8
P00715,M020,SN-bilZ-01521,Oil Filter,OEM,94,955.73
P00716,M034,SN-pDUH-04551,Transmission,Aftermarket,88,537.33
P00717,M047,SN-JOWR-28008,Engine,Aftermarket,67,342.61
P00718,M044,SN-IoTf-44249,Battery,Aftermarket,33,680.2
P00719,M009,SN-TldC-51382,Battery,Aftermarket,46,194.5
P00720,M029,SN-iZya-30610,Steering Wheel,OEM,12,555.12
P00721,M042,SN-fxyH-15379,Headlight,OEM,70,640.7
P00722,M045,SN-jLEA-48038,Oil Filter,Aftermarket,16,549.57
P00723,M039,SN-YEUT-54952,Oil Filter,Aftermarket,85,257.27
P00724,M027,SN-Qobq-58840,Transmission,Aftermarket,30,240.02
P00725,M015,SN-rNmd-89339,Oil Filter,Aftermarket,60,569.73
P00726,M046,SN-CQbS-76609,Brake Pad,Aftermarket,13,508.69
P00727,M041,SN-Ooyw-79037,Air Filter,Aftermarket,74,645.74
P00728,M023,SN-rzvK-44582,Headlight,OEM,23,663.75
P00729,M023,SN-VpLp-91165,Steering Wheel,Aftermarket,28,408.1
P00730,M048,SN-UJye-80764,Transmission,Aftermarket,63,696.64
P00731,M008,SN-DvNL-63903,Battery,OEM,53,980.25
P00732,M050,SN-yjIo-76040,Steering Wheel,OEM,36,638.8
P00733,M011,SN-tDyN-85264,Air Filter,OEM,99,222.33
P00734,M020,SN-AfyV-83683,Headlight,Aftermarket,64,761.13
P00735,M021,SN-RoZV-64740,Brake Pad,Aftermarket,58,222.6
P00736,M036,SN-OsDd-97371,Engine,Aftermarket,60,238.47
P00737,M047,SN-Fxkc-96468,Oil Filter,OEM,17,849.5
P00738,M007,SN-enrF-72039,Transmission,Aftermarket,55,183.37
P00739,M003,SN-pfYR-75004,Brake Pad,OEM,65,415.91
P00740,M040,SN-YdtO-35778,Steering Wheel,Aftermarket,90,290.8
P00741,M034,SN-Ogsf-60635,Brake Pad,Aftermarket,11,400.28
P00742,M021,SN-NvuR-47957,Transmission,OEM,16,889.25
P00743,M004,SN-APdp-71547,Oil Filter,Aftermarket,41,698.75
P00744,M044,SN-ZhYa-04124,Brake Pad,Aftermarket,84,606.19
P00745,M025,SN-LcDL-52305,Engine,Aftermarket,75,444.27
P00746,M025,SN-zQQP-28061,Transmission,OEM,70,259.94
P00747,M015,SN-ozjt-24216,Brake Pad,OEM,86,386.49
P00748,M006,SN-WNzY-34768,Battery,OEM,39,820.5
P00749,M001,SN-CtND-21911,Headlight,OEM,31,229.46
P00750,M035,SN-EEIN-05820,Transmission,Aftermarket,58,162.98
P00751,M002,SN-xWpi-44517,Brake Pad,Aftermarket,35,529.33
P00752,M034,SN-udOa-80727,Battery,OEM,94,913.21
P00753,M022,SN-epLc-18756,Oil Filter,Aftermarket,67,912.0
P00754,M002,SN-NZiv-02012,Transmission,Aftermarket,29,457.81
P00755,M007,SN-qyhx-72702,Headlight,Aftermarket,16,815.06
P00756,M026,SN-CHYd-86082,Headlight,OEM,38,275.74
P00757,M045,SN-EFOL-00377,Headlight,Aftermarket,57,527.6
P00758,M023,SN-xwuG-94005,Oil Filter,OEM,31,297.39
P00759,M041,SN-kLVL-21417,Brake Pad,OEM,44,968.56
P00760,M011,SN-axDt-44934,Air Filter,Aftermarket,29,615.15
P00761,M010,SN-vDkW-59980,Steering Wheel,Aftermarket,13,722.67
P00762,M020,SN-IqMO-00908,Engine,Aftermarket,31,282.55
P00763,M007,SN-kTRH-93012,Oil Filter,Aftermarket,80,236.93
P00764,M026,SN-SIuv-48582,Transmission,Aftermarket,19,100.03
P00765,M009,SN-NnUi-21958,Steering Wheel,Aftermarket,60,997.81
P00766,M042,SN-nlGo-99905,Oil Filter,Aftermarket,86,438.85
P00767,M020,SN-RHJn-74176,Brake Pad,Aftermarket,41,95.26
P00768,M032,SN-VKmY-31068,Transmission,OEM,48,675.26
P00769,M004,SN-Tyyw-24203,Oil Filter,OEM,20,459.05
P00770,M002,SN-KWpH-82790,Headlight,Aftermarket,78,948.48
P00771,M025,SN-YZkC-92174,Oil Filter,Aftermarket,98,874.09
P00772,M044,SN-lGCJ-86108,Headlight,Aftermarket,77,841.02
P00773,M043,SN-bsGR-51730,Headlight,Aftermarket,60,268.76
P00774,M012,SN-abBc-81406,Headlight,OEM,21,660.45
P00775,M002,SN-ZvyP-46421,Engine,OEM,79,225.42
P00776,M033,SN-aIab-91941,Transmission,Aftermarket,84,691.35
P00777,M014,SN-xDei-24028,Engine,Aftermarket,38,191.9
P00778,M035,SN-gIOb-43929,Brake Pad,Aftermarket,53,76.91
P00779,M008,SN-UVkV-53792,Headlight,Aftermarket,53,942.37
P00780,M034,SN-MIbL-59589,Transmission,Aftermarket,59,560.65
P00781,M037,SN-hHMi-37312,Engine,OEM,24,370.25
P00782,M008,SN-OXQw-47876,Oil Filter,OEM,100,601.39
P00783,M015,SN-VKWV-59422,Air Filter,Aftermarket,86,795.25
P00784,M045,SN-IIDi-86385,Engine,OEM,31,139.55
P00785,M035,SN-rurK-48286,Brake Pad,OEM,28,901.2
P00786,M045,SN-sAMf-06501,Oil Filter,Aftermarket,97,142.5
P00787,M035,SN-xxMy-44884,Transmission,OEM,29,66.0
P00788,M028,SN-VICA-16484,Air Filter,OEM,72,614.5
P00789,M012,SN-HNdo-49439,Battery,OEM,81,789.99
P00790,M036,SN-EtHM-85367,Headlight,OEM,81,440.57
P00791,M026,SN-gugQ-73673,Headlight,Aftermarket,55,915.67
P00792,M047,SN-NpiT-74956,Battery,Aftermarket,36,936.44
P00793,M031,SN-Hbbd-42489,Transmission,Aftermarket,90,408.23
P00794,M039,SN-cJVG-99602,Brake Pad,Aftermarket,83,134.07
P00795,M034,SN-htvw-55962,Battery,OEM,21,213.18
P00796,M039,SN-dHTA-66902,Brake Pad,OEM,33,817.18
P00797,M013,SN-VkXV-04660,Transmission,Aftermarket,95,396.01
P00798,M014,SN-cZBr-42968,Brake Pad,Aftermarket,14,352.5
P00799,M036,SN-cYyr-43859,Oil Filter,OEM,50,463.1
P00800,M028,SN-bPfq-93828,Transmission,OEM,97,556.45
P00801,M040,SN-mYsY-44274,Brake Pad,Aftermarket,52,777.15
P00802,M022,SN-NlOP-83862,Oil Filter,OEM,88,732.69
P00803,M009,SN-PfYb-54085,Steering Wheel,Aftermarket,25,485.19
P00804,M009,SN-TLap-73066,Steering Wheel,Aftermarket,46,724.82
P00805,M029,SN-ACOm-25773,Steering Wheel,OEM,80,930.67
P00806,M017,SN-uyPG-03661,Engine,OEM,83,512.6
P00807,M037,SN-OStt-29955,Transmission,Aftermarket,20,59.08
P00808,M016,SN-DkvC-44626,Brake Pad,OEM,77,653.76
P00809,M042,SN-LBLA-63076,Air Filter,Aftermarket,70,589.34
P00810,M025,SN-FxFC-61515,Oil Filter,Aftermarket,77,489.02
P00811,M034,SN-jPZk-06635,Oil Filter,OEM,92,441.41
P00812,M007,SN-bqNp-07340,Engine,OEM,67,288.68
P00813,M039,SN-PHsM-20955,Air Filter,Aftermarket,95,74.95
P00814,M005,SN-pxzN-24423,Brake Pad,Aftermarket,15,382.59
P00815,M013,SN-ZXUk-19464,Air Filter,Aftermarket,22,961.71
P00816,M025,SN-dOXn-25302,Headlight,OEM,29,735.93
P00817,M032,SN-PXVC-30366,Battery,Aftermarket,47,510.94
P00818,M021,SN-aiLw-64724,Battery,Aftermarket,98,949.86
P00819,M012,SN-KIAJ-63588,Battery,Aftermarket,94,386.26
P00820,M035,SN-lQuO-02892,Air Filter,OEM,13,779.6
P00821,M031,SN-CqqI-31310,Battery,OEM,37,575.38
P00822,M039,SN-ikbQ-78966,Steering Wheel,OEM,69,938.73
P00823,M037,SN-gQRG-99122,Battery,OEM,64,698.83
P00824,M037,SN-IcBQ-65233,Transmission,Aftermarket,30,266.3
P00825,M032,SN-hRbu-69544,Battery,Aftermarket,12,100.97
P00826,M001,SN-yyji-28547,Brake Pad,OEM,11,927.73
P00827,M046,SN-brfc-84775,Transmission,OEM,64,981.9
P00828,M015,SN-BpzB-93866,Steering Wheel,OEM,57,176.84
P00829,M012,SN-qbMR-31441,Steering Wheel,OEM,76,549.78
P00830,M049,SN-YgyK-45915,Headlight,Aftermarket,92,660.41
P00831,M036,SN-seCp-75126,Headlight,OEM,88,362.89
P00832,M007,SN-GABj-96678,Oil Filter,OEM,17,152.98
P00833,M013,SN-PecV-95389,Air Filter,Aftermarket,16,511.42
P00834,M017,SN-EvPj-12761,Oil Filter,Aftermarket,87,393.33
P00835,M012,SN-Tubn-98870,Engine,Aftermarket,54,386.19
P00836,M020,SN-hDUX-22634,Oil Filter,OEM,94,178.06
P00837,M047,SN-JdWh-72652,Battery,OEM,21,326.53
P00838,M029,SN-EDCb-30912,Headlight,OEM,80,934.47
P00839,M030,SN-zzgN-87672,Transmission,OEM,46,262.49
P00840,M001,SN-kZyp-22388,Engine,Aftermarket,47,769.53
P00841,M022,SN-lyKC-35783,Air Filter,Aftermarket,16,143.79
P00842,M035,SN-Vrcb-21676,Transmission,Aftermarket,25,666.22
P00843,M045,SN-geBr-69862,Oil Filter,Aftermarket,21,333.49
P00844,M004,SN-yGbN-17248,Transmission,Aftermarket,43,267.98
P00845,M017,SN-SJja-63822,Transmission,OEM,74,824.37
P00846,M009,SN-NUxI-47754,Battery,Aftermarket,43,94.33
P00847,M035,SN-Upvu-99279,Engine,OEM,87,878.29
P00848,M002,SN-aPKi-18260,Battery,OEM,49,628.41
P00849,M048,SN-aCii-77327,Headlight,Aftermarket,67,156.64
P00850,M010,SN-YOTc-12369,Headlight,Aftermarket,41,836.26
P00851,M007,SN-WCZe-92784,Air Filter,OEM,69,736.05
P00852,M038,SN-IvOQ-19606,Steering Wheel,OEM,27,473.9
P00853,M032,SN-pLGX-93435,Engine,OEM,16,417.36
P00854,M034,SN-vCqy-52273,Oil Filter,Aftermarket,64,969.83
P00855,M021,SN-wHjX-39366,Oil Filter,OEM,31,563.63
P00856,M045,SN-VBSH-91324,Transmission,Aftermarket,24,264.13
P00857,M035,SN-AdYC-46940,Transmission,Aftermarket,17,937.94
P00858,M039,SN-KhZf-19593,Air Filter,Aftermarket,55,399.89
P00859,M039,SN-SIWn-60394,Air Filter,OEM,31,427.9
P00860,M043,SN-eWDF-23348,Battery,OEM,98,121.34
P00861,M024,SN-vHBB-36310,Headlight,Aftermarket,59,519.8
P00862,M012,SN-pjtN-52158,Steering Wheel,OEM,82,894.96
P00863,M015,SN-nhPo-42620,Battery,OEM,25,649.13
P00864,M034,SN-jXkg-35070,Transmission,OEM,38,395.43
P00865,M006,SN-IGoR-79717,Oil Filter,OEM,90,124.94
P00866,M025,SN-lrQy-25017,Air Filter,OEM,40,226.49
P00867,M033,SN-qzrE-34884,Engine,OEM,10,837.01
P00868,M026,SN-HaYp-36258,Air Filter,OEM,87,809.58
P00869,M013,SN-UJom-22756,Steering Wheel,Aftermarket,58,750.53
P00870,M038,SN-HHMO-76916,Headlight,OEM,55,214.38
P00871,M043,SN-fmWs-54905,Engine,OEM,16,608.71
P00872,M027,SN-WuTv-84190,Steering Wheel,OEM,73,430.83
P00873,M026,SN-YWfe-27307,Brake Pad,OEM,74,660.88
P00874,M004,SN-iXWM-51646,Air Filter,Aftermarket,46,580.27
P00875,M041,SN-fPvu-72575,Brake Pad,OEM,83,442.2
P00876,M019,SN-Cqhg-95375,Battery,Aftermarket,34,654.0
P00877,M045,SN-CPfz-24269,Steering Wheel,Aftermarket,19,418.62
P00878,M013,SN-Dpko-51171,Headlight,Aftermarket,36,851.51
P00879,M042,SN-rhAl-36374,Battery,OEM,31,560.37
P00880,M010,SN-NHNM-44680,Oil Filter,OEM,96,936.32
P00881,M001,SN-XbyD-14396,Oil Filter,OEM,18,193.09
P00882,M023,SN-yXLP-29544,Oil Filter,Aftermarket,15,371.71
P00883,M029,SN-YBaS-45513,Headlight,Aftermarket,75,903.23
P00884,M034,SN-cqKs-66452,Headlight,OEM,69,112.82
P00885,M006,SN-IOfC-15929,Brake Pad,OEM,27,782.05
P00886,M024,SN-ENnC-24087,Brake Pad,OEM,73,548.17
P00887,M047,SN-bFNc-59393,Brake Pad,OEM,68,50.25
P00888,M021,SN-OBEb-88993,Engine,Aftermarket,74,269.96
P00889,M025,SN-BelO-67663,Battery,Aftermarket,86,790.13
P00890,M037,SN-cnKq-00294,Battery,Aftermarket,16,303.3
P00891,M044,SN-bfaC-25385,Steering Wheel,OEM,63,367.18
P00892,M026,SN-NPPi-00685,Transmission,Aftermarket,12,189.51
P00893,M046,SN-Homb-70026,Engine,OEM,38,917.71
P00894,M016,SN-jIiO-14494,Brake Pad,Aftermarket,92,255.08
P00895,M033,SN-FyRP-53849,Steering Wheel,Aftermarket,22,605.88
P00896,M020,SN-TTRT-68085,Headlight,Aftermarket,94,507.01
P00897,M012,SN-UzaM-93674,Steering Wheel,OEM,50,819.0
P00898,M015,SN-EMXl-56715,Headlight,Aftermarket,42,343.36
P00899,M034,SN-Hljt-04252,Battery,OEM,70,168.6
P00900,M026,SN-qfzj-61518,Steering Wheel,Aftermarket,34,947.12
P00901,M012,SN-zBdX-29582,Engine,OEM,56,91.92
P00902,M012,SN-TMue-19909,Air Filter,OEM,22,360.98
P00903,M033,SN-ydVA-30668,Oil Filter,Aftermarket,98,907.31
P00904,M021,SN-PtoJ-38096,Headlight,OEM,26,408.35
P00905,M030,SN-EpHh-83747,Air Filter,OEM,32,231.23
P00906,M049,SN-xdEW-01838,Engine,OEM,46,819.62
P00907,M038,SN-jDfy-69761,Transmission,Aftermarket,93,136.86
P00908,M006,SN-fSlj-26000,Engine,OEM,16,387.7
P00909,M036,SN-bjdM-93511,Engine,Aftermarket,31,707.89
P00910,M012,SN-LTDh-23988,Headlight,Aftermarket,68,803.17
P00911,M045,SN-qkvc-78051,Oil Filter,Aftermarket,51,633.03
P00912,M046,SN-IXEr-07458,Steering Wheel,Aftermarket,71,181.92
P00913,M028,SN-JbCt-36021,Battery,Aftermarket,53,415.15
P00914,M045,SN-jEME-55126,Headlight,Aftermarket,69,729.62
P00915,M025,SN-AYYO-06177,Transmission,Aftermarket,20,208.04
P00916,M013,SN-OafG-30206,Battery,Aftermarket,17,404.4
P00917,M005,SN-uRxg-57210,Headlight,Aftermarket,56,776.81
P00918,M029,SN-DZMD-44406,Oil Filter,OEM,34,324.76
P00919,M012,SN-TjHg-85715,Transmission,OEM,19,75.52
P00920,M043,SN-xXlb-20377,Headlight,Aftermarket,45,60.52
P00921,M007,SN-OftN-53597,Oil Filter,Aftermarket,40,915.67
P00922,M021,SN-aTQI-67064,Battery,Aftermarket,27,729.01
P00923,M021,SN-Saqh-04171,Steering Wheel,OEM,37,831.34
P00924,M039,SN-aZmk-67560,Brake Pad,OEM,70,382.66
P00925,M020,SN-TlWm-15490,Oil Filter,OEM,68,826.4
P00926,M042,SN-gNtT-38079,Battery,Aftermarket,93,707.37
P00927,M005,SN-ybiW-03860,Headlight,Aftermarket,30,732.6
P00928,M024,SN-MGjy-89822,Oil Filter,OEM,49,795.21
P00929,M015,SN-CNuC-83888,Steering Wheel,OEM,23,496.33
P00930,M028,SN-pzUk-17032,Headlight,Aftermarket,77,702.48
P00931,M027,SN-ygJk-13366,Headlight,Aftermarket,48,806.55
P00932,M002,SN-CZSw-75144,Air Filter,Aftermarket,16,382.05
P00933,M046,SN-vETt-37265,Headlight,OEM,33,436.35
P00934,M009,SN-hSTc-23037,Oil Filter,Aftermarket,83,965.11
P00935,M024,SN-nYSU-17378,Engine,OEM,83,955.69
P00936,M050,SN-qwEa-82889,Transmission,Aftermarket,70,347.08
P00937,M016,SN-THhG-23176,Transmission,OEM,87,405.59
P00938,M016,SN-irRn-55904,Engine,Aftermarket,45,354.63
P00939,M020,SN-BtBV-31065,Transmission,Aftermarket,29,782.55
P00940,M032,SN-ZDgc-25136,Brake Pad,Aftermarket,76,813.28
P00941,M011,SN-cZCL-49033,Battery,OEM,10,305.93
P00942,M041,SN-TmWH-16506,Battery,OEM,100,494.4
P00943,M037,SN-qlIh-86253,Transmission,Aftermarket,99,313.0
P00944,M022,SN-yOLQ-27926,Transmission,OEM,85,415.99
P00945,M039,SN-mRrc-77080,Transmission,Aftermarket,19,992.68
P00946,M010,SN-yaAH-41843,Transmission,Aftermarket,62,528.28
P00947,M004,SN-yeuu-87330,Oil Filter,OEM,24,656.7
P00948,M013,SN-tRPO-34155,Brake Pad,OEM,95,746.27
P00949,M037,SN-qJVE-48509,Engine,OEM,65,372.77
P00950,M041,SN-PCaL-28914,Transmission,OEM,62,554.82
P00951,M016,SN-vBiw-57652,Transmission,OEM,74,153.28
P00952,M021,SN-nEbs-64257,Steering Wheel,Aftermarket,77,303.22
P00953,M008,SN-QpVz-85447,Headlight,Aftermarket,73,505.66
P00954,M003,SN-jEwz-48876,Air Filter,Aftermarket,15,922.21
P00955,M024,SN-mTGT-36154,Brake Pad,OEM,86,431.62
P00956,M043,SN-pGbC-30284,Brake Pad,OEM,53,933.14
P00957,M029,SN-iCRF-18750,Oil Filter,Aftermarket,20,932.18
P00958,M023,SN-BMbU-99398,Battery,Aftermarket,17,410.65
P00959,M003,SN-gvWW-02141,Air Filter,Aftermarket,32,653.54
P00960,M004,SN-CVYv-31298,Brake Pad,Aftermarket,95,399.14
P00961,M021,SN-nlnX-45811,Brake Pad,Aftermarket,74,626.33
P00962,M041,SN-rWbc-71253,Air Filter,Aftermarket,12,690.37
P00963,M001,SN-hdTg-61660,Transmission,Aftermarket,19,67.73
P00964,M008,SN-EIAq-21617,Steering Wheel,OEM,81,237.25
P00965,M008,SN-hEtx-35324,Oil Filter,Aftermarket,20,607.55
P00966,M038,SN-boqb-98246,Oil Filter,Aftermarket,79,423.74
P00967,M012,SN-ylhE-79634,Brake Pad,OEM,100,752.0
P00968,M023,SN-AXOf-89638,Steering Wheel,OEM,52,662.28
P00969,M017,SN-GhQE-37113,Transmission,Aftermarket,19,386.53
P00970,M026,SN-scPj-01363,Battery,OEM,33,448.68
P00971,M033,SN-RCBw-12467,Brake Pad,OEM,76,126.0
P00972,M048,SN-pzKt-38244,Oil Filter,Aftermarket,83,712.58
P00973,M050,SN-Zrak-28939,Oil Filter,Aftermarket,36,822.1
P00974,M002,SN-iOEY-08503,Steering Wheel,OEM,97,168.73
P00975,M006,SN-vWVu-02529,Engine,OEM,34,498.05
P00976,M031,SN-jxuH-12640,Brake Pad,Aftermarket,50,226.43
P00977,M017,SN-dnrc-45572,Headlight,OEM,79,138.15
P00978,M012,SN-humH-78981,Brake Pad,Aftermarket,47,664.71
P00979,M014,SN-Gcgc-26173,Air Filter,OEM,83,502.0
P00980,M013,SN-MWfv-29514,Brake Pad,Aftermarket,32,139.23
P00981,M049,SN-etkt-75932,Steering Wheel,OEM,95,554.17
P00982,M039,SN-mSwR-45663,Steering Wheel,OEM,99,653.76
P00983,M012,SN-eYNu-08046,Brake Pad,OEM,94,996.22
P00984,M043,SN-EilM-29944,Headlight,Aftermarket,46,783.2
P00985,M018,SN-PUwR-44687,Steering Wheel,Aftermarket,82,640.14
P00986,M042,SN-veJU-23711,Transmission,Aftermarket,92,591.66
P00987,M019,SN-RwEO-21822,Battery,OEM,100,486.4
P00988,M023,SN-UAps-08686,Engine,OEM,68,134.51
P00989,M025,SN-Ordy-72217,Battery,Aftermarket,34,570.55
P00990,M044,SN-MKnl-72512,Oil Filter,Aftermarket,39,104.63
P00991,M046,SN-ulQr-80340,Engine,OEM,99,169.93
P00992,M026,SN-Gxpq-09541,Battery,Aftermarket,66,241.83
P00993,M003,SN-ajrx-92505,Engine,Aftermarket,31,659.93
P00994,M013,SN-iDoT-20222,Oil Filter,OEM,67,927.53
P00995,M031,SN-lgVf-31871,Air Filter,OEM,26,63.2
P00996,M048,SN-MOIr-07585,Headlight,OEM,66,673.35
P00997,M038,SN-RAhf-92660,Battery,Aftermarket,85,260.8
P00998,M045,SN-LNKV-64266,Transmission,OEM,71,400.55
P00999,M031,SN-UHjP-75831,Oil Filter,OEM,54,189.05
P01000,M014,SN-lctR-37256,Brake Pad,OEM,39,282.12
