Inventory ID,Part ID,Current Stock,Minimum Stock Level,Warehouse Location
I00001,P00001,25,11,East Brian
I00002,P00002,36,11,West Deborahmouth
I00003,P00003,46,15,Rodriguezchester
I00004,P00004,35,18,Stephanieburgh
I00005,P00005,3,14,Josephview
I00006,P00006,28,17,South Tonyatown
I00007,P00007,53,11,New Toniview
I00008,P00008,30,13,Port Jonathanland
I00009,P00009,47,13,New Megan
I00010,P00010,73,20,Lake Christinashire
I00011,P00011,3,11,North Gina
I00012,P00012,29,19,North Andreaborough
I00013,P00013,21,11,Hernandezside
I00014,P00014,60,10,Nortonbury
I00015,P00015,40,18,East Jessicamouth
I00016,P00016,33,19,Alexandrafort
I00017,P00017,95,17,South Katie
I00018,P00018,36,16,Davidmouth
I00019,P00019,67,18,Jonathanside
I00020,P00020,39,19,Andrewton
I00021,P00021,68,19,Douglasburgh
I00022,P00022,51,15,Wilkinstown
I00023,P00023,13,13,Thomasshire
I00024,P00024,9,11,East Williammouth
I00025,P00025,46,10,Kevinfort
I00026,P00026,18,18,Meganton
I00027,P00027,11,12,Port Tinatown
I00028,P00028,22,14,Whitestad
I00029,P00029,30,11,Combsstad
I00030,P00030,70,18,New Mark
I00031,P00031,42,16,Jenniferport
I00032,P00032,21,20,Scottfurt
I00033,P00033,93,16,South Bridgetchester
I00034,P00034,70,12,West Ronald
I00035,P00035,95,10,New Matthewshire
I00036,P00036,98,15,Mccarthybury
I00037,P00037,17,17,Lake Johnny
I00038,P00038,61,17,Cheyenneburgh
I00039,P00039,97,20,Stephenfurt
I00040,P00040,90,11,West Meganview
I00041,P00041,56,15,Moodyfort
I00042,P00042,38,16,South Alexandra
I00043,P00043,98,13,Brucefurt
I00044,P00044,56,10,Fletcherbury
I00045,P00045,8,18,North Perrychester
I00046,P00046,18,19,West Bruceville
I00047,P00047,45,11,West Amyfurt
I00048,P00048,53,14,Joshuahaven
I00049,P00049,88,19,East Kimberly
I00050,P00050,35,15,New Lauramouth
I00051,P00051,76,20,South Joyce
I00052,P00052,48,11,Christinaville
I00053,P00053,53,10,Port Diamondbury
I00054,P00054,91,17,New Stephen
I00055,P00055,78,11,Wigginston
I00056,P00056,52,20,West Amy
I00057,P00057,36,19,East Michele
I00058,P00058,30,20,New Tommyfort
I00059,P00059,59,11,Jenkinsstad
I00060,P00060,72,15,New Calebhaven
I00061,P00061,41,18,New Eric
I00062,P00062,78,12,Nicoleshire
I00063,P00063,24,15,Smithborough
I00064,P00064,12,12,New Mary
I00065,P00065,46,10,New Tyler
I00066,P00066,84,11,West James
I00067,P00067,79,13,Morrisland
I00068,P00068,83,17,East Daisy
I00069,P00069,0,11,Jonesburgh
I00070,P00070,54,10,Edwardburgh
I00071,P00071,20,19,New Amandaborough
I00072,P00072,60,12,Lake Linda
I00073,P00073,28,11,Reynoldsfurt
I00074,P00074,50,19,Port Kayla
I00075,P00075,41,12,Luceroside
I00076,P00076,48,11,South Allisonberg
I00077,P00077,58,19,East Frederickshire
I00078,P00078,28,10,West Brenda
I00079,P00079,80,20,Port Edwinchester
I00080,P00080,23,18,Wesleyborough
I00081,P00081,26,11,Johnshire
I00082,P00082,81,15,Lindsaychester
I00083,P00083,21,16,Christianstad
I00084,P00084,68,10,Lake Mark
I00085,P00085,54,10,East Larry
I00086,P00086,56,19,South Shelly
I00087,P00087,5,19,Robertberg
I00088,P00088,18,16,West Lisa
I00089,P00089,70,11,Andrewtown
I00090,P00090,6,16,Aprilville
I00091,P00091,54,17,Nicholasland
I00092,P00092,13,20,Evanmouth
I00093,P00093,63,12,East Michaelhaven
I00094,P00094,62,11,Gonzalezbury
I00095,P00095,0,18,Kelseyberg
I00096,P00096,6,13,New John
I00097,P00097,0,20,Taylorton
I00098,P00098,80,16,Jameston
I00099,P00099,41,10,Lopezbury
I00100,P00100,99,12,New Martha
I00101,P00101,63,16,East Carlshire
I00102,P00102,49,14,Jesusland
I00103,P00103,53,19,Gregoryville
I00104,P00104,70,18,Lake Jasonbury
I00105,P00105,25,13,Jonestown
I00106,P00106,15,11,New Dorisfort
I00107,P00107,36,19,Dianaview
I00108,P00108,61,19,Glennbury
I00109,P00109,33,15,New Beckytown
I00110,P00110,87,19,North Staceyton
I00111,P00111,51,13,Walkerstad
I00112,P00112,67,16,East Patricia
I00113,P00113,63,11,Cristianstad
I00114,P00114,59,20,Susanhaven
I00115,P00115,2,19,Williamhaven
I00116,P00116,58,18,Carrollstad
I00117,P00117,57,17,South Shannonchester
I00118,P00118,98,18,North Gabriellahaven
I00119,P00119,39,13,Carlyburgh
I00120,P00120,90,17,Lake Charlesville
I00121,P00121,92,15,Sullivanland
I00122,P00122,3,13,Averybury
I00123,P00123,48,14,North Jamie
I00124,P00124,71,20,Anthonyfurt
I00125,P00125,92,12,Washingtonville
I00126,P00126,95,10,Melissaborough
I00127,P00127,64,10,Lake Jeffreytown
I00128,P00128,13,16,Craigville
I00129,P00129,28,20,Burnettburgh
I00130,P00130,39,17,Pamelachester
I00131,P00131,73,15,New Ryanbury
I00132,P00132,30,17,Rebeccatown
I00133,P00133,69,19,Port Brittany
I00134,P00134,47,12,Barryville
I00135,P00135,58,17,New Laura
I00136,P00136,57,16,Wilsonhaven
I00137,P00137,67,16,Mendezchester
I00138,P00138,14,20,East Justin
I00139,P00139,79,20,Melissatown
I00140,P00140,100,17,Johnfort
I00141,P00141,60,13,Rodriguezmouth
I00142,P00142,63,15,Lake Allen
I00143,P00143,73,11,Johnsonville
I00144,P00144,44,11,Sarahberg
I00145,P00145,44,18,Port Michaelchester
I00146,P00146,59,17,West Richardview
I00147,P00147,80,17,Samuelshire
I00148,P00148,40,11,Kevinside
I00149,P00149,87,18,Lake Christian
I00150,P00150,83,18,Rodriguezshire
I00151,P00151,58,11,Grayland
I00152,P00152,28,12,West Reneeborough
I00153,P00153,31,13,West Dana
I00154,P00154,21,20,New Christopherport
I00155,P00155,8,20,Kristenshire
I00156,P00156,32,17,Bradyland
I00157,P00157,72,17,New Christina
I00158,P00158,49,19,West Diana
I00159,P00159,92,17,Port Michaelview
I00160,P00160,74,11,Michaelchester
I00161,P00161,34,13,Feliciaberg
I00162,P00162,87,16,Port Steven
I00163,P00163,41,13,Barrside
I00164,P00164,29,12,Copelandstad
I00165,P00165,86,15,Lake Craig
I00166,P00166,35,17,Thomashaven
I00167,P00167,94,13,East Debra
I00168,P00168,40,13,North Rebeccaburgh
I00169,P00169,71,15,Morganmouth
I00170,P00170,51,16,West Nicolemouth
I00171,P00171,70,10,South Brianmouth
I00172,P00172,19,20,West Aaronstad
I00173,P00173,14,19,Robertstad
I00174,P00174,14,17,East Kristieborough
I00175,P00175,99,19,Lake Brettview
I00176,P00176,86,13,Edwardsberg
I00177,P00177,56,17,Jonesburgh
I00178,P00178,56,17,West Catherineburgh
I00179,P00179,72,12,Lake Gregory
I00180,P00180,50,16,Philipport
I00181,P00181,82,12,West Kelly
I00182,P00182,96,10,Paulburgh
I00183,P00183,28,16,Shelbystad
I00184,P00184,39,16,Marcfort
I00185,P00185,89,16,New Amyview
I00186,P00186,21,16,Port Maryton
I00187,P00187,27,10,Burketon
I00188,P00188,38,19,Gregorymouth
I00189,P00189,18,17,Scottchester
I00190,P00190,25,15,Henrystad
I00191,P00191,9,11,East Sarahborough
I00192,P00192,100,19,Tamiport
I00193,P00193,64,11,Lake Jenniferberg
I00194,P00194,97,19,East Rebecca
I00195,P00195,100,13,South Shannon
I00196,P00196,4,14,Harrisside
I00197,P00197,89,17,Josefurt
I00198,P00198,33,12,North Angela
I00199,P00199,71,15,Owenmouth
I00200,P00200,28,12,Port Carol
I00201,P00201,45,17,Gonzalezmouth
I00202,P00202,81,11,Hayesbury
I00203,P00203,80,14,Jaredberg
I00204,P00204,99,18,Shawnside
I00205,P00205,19,10,West Vincentborough
I00206,P00206,84,13,Johnsonbury
I00207,P00207,2,16,Aguirrestad
I00208,P00208,37,15,Port Teresaburgh
I00209,P00209,89,18,East Justinshire
I00210,P00210,7,13,Hendersonside
I00211,P00211,71,12,Clarkville
I00212,P00212,67,11,Reedfurt
I00213,P00213,71,19,Debbieton
I00214,P00214,88,10,West Dariusmouth
I00215,P00215,18,13,Batesmouth
I00216,P00216,91,11,Kathrynshire
I00217,P00217,45,17,Bishophaven
I00218,P00218,69,13,Dudleymouth
I00219,P00219,3,19,Kimberlyfort
I00220,P00220,90,10,West Aaronhaven
I00221,P00221,3,11,Lake Courtneyfort
I00222,P00222,96,13,Hansenchester
I00223,P00223,3,19,Royville
I00224,P00224,99,10,East Veronicaton
I00225,P00225,96,11,Millerburgh
I00226,P00226,24,20,West Chad
I00227,P00227,52,18,Phillipsburgh
I00228,P00228,17,17,Smithview
I00229,P00229,79,18,Cunninghamview
I00230,P00230,77,20,West Paulfurt
I00231,P00231,54,18,West Michelle
I00232,P00232,13,13,Louisview
I00233,P00233,0,17,Matthewberg
I00234,P00234,78,10,Brandonfort
I00235,P00235,7,15,Markport
I00236,P00236,14,10,Garciaport
I00237,P00237,86,14,Monicaton
I00238,P00238,25,19,New Shawnchester
I00239,P00239,55,11,East Darin
I00240,P00240,57,20,Alexistown
I00241,P00241,74,10,Michaelmouth
I00242,P00242,78,20,Andersonmouth
I00243,P00243,30,19,Micheleland
I00244,P00244,4,18,Brennanland
I00245,P00245,3,11,Port Daniel
I00246,P00246,12,17,Tammyview
I00247,P00247,14,18,Kristenmouth
I00248,P00248,36,15,East Scottmouth
I00249,P00249,67,10,West Johnfurt
I00250,P00250,70,19,North Michaelberg
I00251,P00251,88,12,South Megan
I00252,P00252,67,12,Lake Jennifer
I00253,P00253,69,17,Douglasfurt
I00254,P00254,28,11,Kellyville
I00255,P00255,30,14,Williamsfurt
I00256,P00256,93,15,Port Kathleen
I00257,P00257,93,20,North Ethan
I00258,P00258,49,20,Clarktown
I00259,P00259,49,18,Bradyside
I00260,P00260,30,16,West Melissa
I00261,P00261,86,12,East Kristenside
I00262,P00262,66,13,Larashire
I00263,P00263,98,20,Lake Megan
I00264,P00264,71,18,South Sharon
I00265,P00265,72,20,Port Christine
I00266,P00266,8,14,New Aaron
I00267,P00267,52,18,Lake Mathew
I00268,P00268,46,20,Dustinmouth
I00269,P00269,63,17,Scottfort
I00270,P00270,75,18,Lopezville
I00271,P00271,73,20,Garrettshire
I00272,P00272,59,17,Ricardoland
I00273,P00273,76,17,Mcmahonchester
I00274,P00274,53,11,Cindybury
I00275,P00275,9,14,Davidbury
I00276,P00276,6,11,Leeshire
I00277,P00277,44,17,Rachelmouth
I00278,P00278,96,13,Mcmillanshire
I00279,P00279,97,14,West Shawn
I00280,P00280,64,20,Lake Keith
I00281,P00281,90,15,Cookfort
I00282,P00282,48,13,Ericafort
I00283,P00283,87,12,West Jessicaborough
I00284,P00284,99,16,Adkinsborough
I00285,P00285,19,18,Brandonborough
I00286,P00286,95,10,Bentleyville
I00287,P00287,46,20,Mariaburgh
I00288,P00288,5,18,Contrerasside
I00289,P00289,13,16,Lake Robin
I00290,P00290,89,17,Sharpberg
I00291,P00291,74,15,Payneside
I00292,P00292,57,19,Parkerborough
I00293,P00293,52,20,Rodriguezville
I00294,P00294,13,20,East Joseph
I00295,P00295,85,20,West Jamesberg
I00296,P00296,68,13,South Christopher
I00297,P00297,97,18,South Devonchester
I00298,P00298,78,10,Lake Brenda
I00299,P00299,67,19,Benderburgh
I00300,P00300,88,11,North Donald
I00301,P00301,92,14,Port Melissahaven
I00302,P00302,13,13,Wallberg
I00303,P00303,30,15,Nashview
I00304,P00304,65,19,Dwayneberg
I00305,P00305,38,16,South Briana
I00306,P00306,82,16,West Dylan
I00307,P00307,60,16,North Robertshire
I00308,P00308,3,15,North Andrew
I00309,P00309,74,15,South Johnborough
I00310,P00310,31,13,Angelicaburgh
I00311,P00311,41,13,Lake Allison
I00312,P00312,64,16,West Johnview
I00313,P00313,72,11,Charlesport
I00314,P00314,5,17,Chloehaven
I00315,P00315,42,10,East Jillville
I00316,P00316,47,18,Reynoldsview
I00317,P00317,65,13,North Lisaburgh
I00318,P00318,55,19,Ballardborough
I00319,P00319,47,18,West Benjaminfort
I00320,P00320,44,13,Allenside
I00321,P00321,94,18,New Tiffanyton
I00322,P00322,36,11,Port Mary
I00323,P00323,73,20,Scottchester
I00324,P00324,39,11,Justinbury
I00325,P00325,47,10,Maryhaven
I00326,P00326,84,18,North Alexis
I00327,P00327,0,11,Lake Alexandra
I00328,P00328,64,11,Vincentchester
I00329,P00329,1,13,Kaitlinbury
I00330,P00330,53,10,New Joshua
I00331,P00331,87,12,Lake Jennifer
I00332,P00332,7,17,Nelsonborough
I00333,P00333,9,18,Williamfurt
I00334,P00334,82,20,Lake Gregoryview
I00335,P00335,4,15,Cassandrafort
I00336,P00336,58,12,Kellyberg
I00337,P00337,95,10,Ortegatown
I00338,P00338,37,14,East Michael
I00339,P00339,74,11,Smithfurt
I00340,P00340,99,19,Sampsonborough
I00341,P00341,74,13,New Melissaton
I00342,P00342,76,17,Port Melissa
I00343,P00343,84,19,East Shannonville
I00344,P00344,51,20,West Sethshire
I00345,P00345,77,18,Cooperborough
I00346,P00346,21,12,Holmesland
I00347,P00347,39,10,North Bianca
I00348,P00348,52,10,South Tracy
I00349,P00349,26,17,Lake Angela
I00350,P00350,56,17,Amandamouth
I00351,P00351,84,17,South Davidfort
I00352,P00352,51,19,Tranburgh
I00353,P00353,85,20,Port Alan
I00354,P00354,25,11,Wileychester
I00355,P00355,17,16,Flemingbury
I00356,P00356,64,15,Christinastad
I00357,P00357,60,20,West Elizabeth
I00358,P00358,49,14,Georgeview
I00359,P00359,43,14,Evansfurt
I00360,P00360,66,10,Stephensonburgh
I00361,P00361,3,11,Aprilland
I00362,P00362,65,16,North Lisa
I00363,P00363,3,15,Dixonhaven
I00364,P00364,81,13,East Joshuamouth
I00365,P00365,5,14,Lake Deniseshire
I00366,P00366,81,18,East Ricardohaven
I00367,P00367,0,13,Port Elizabeth
I00368,P00368,6,18,North John
I00369,P00369,91,15,Lake Tinachester
I00370,P00370,51,10,Port Mary
I00371,P00371,54,11,East Steven
I00372,P00372,81,13,Anthonyton
I00373,P00373,26,14,Adamsfort
I00374,P00374,8,14,Christophershire
I00375,P00375,43,12,Rickyside
I00376,P00376,64,19,Nicolefurt
I00377,P00377,72,17,Port Mariaville
I00378,P00378,17,20,South Leslie
I00379,P00379,89,13,Davidchester
I00380,P00380,81,14,Michellestad
I00381,P00381,45,10,Leeside
I00382,P00382,24,12,South Christopherland
I00383,P00383,44,14,Toddland
I00384,P00384,27,19,Griffinfurt
I00385,P00385,62,10,Port Jennabury
I00386,P00386,24,14,Michaelhaven
I00387,P00387,67,13,Millerburgh
I00388,P00388,17,19,Amberberg
I00389,P00389,92,19,Nicoleport
I00390,P00390,85,19,Port Brandonland
I00391,P00391,65,14,Solisbury
I00392,P00392,11,11,West Kimberlyburgh
I00393,P00393,95,15,West Kristenville
I00394,P00394,42,17,Maryland
I00395,P00395,100,18,Nicholasstad
I00396,P00396,70,17,Penafurt
I00397,P00397,85,17,Kevinchester
I00398,P00398,19,20,New James
I00399,P00399,58,19,Amberstad
I00400,P00400,4,19,New Brianstad
I00401,P00401,72,15,Danielport
I00402,P00402,52,13,Jennifermouth
I00403,P00403,100,17,South Thomas
I00404,P00404,29,17,West Holly
I00405,P00405,82,10,South Stephenfurt
I00406,P00406,99,12,Port Danny
I00407,P00407,68,19,New Willie
I00408,P00408,91,17,Trantown
I00409,P00409,0,15,South Isaiah
I00410,P00410,6,16,Richardview
I00411,P00411,82,12,East Meganmouth
I00412,P00412,66,12,Bethanyport
I00413,P00413,26,15,Lake Jenniferhaven
I00414,P00414,75,16,West Amandaview
I00415,P00415,78,10,West Nathanberg
I00416,P00416,75,13,New Linda
I00417,P00417,97,10,Riveraborough
I00418,P00418,54,20,Lake Miguel
I00419,P00419,60,16,Port Kaylaview
I00420,P00420,58,12,Lake Michael
I00421,P00421,96,14,Jamiemouth
I00422,P00422,88,10,Port Lindsey
I00423,P00423,38,19,Lake Susan
I00424,P00424,11,16,South Charlesport
I00425,P00425,55,11,Danielfort
I00426,P00426,58,12,Lake Genefurt
I00427,P00427,24,20,Thorntonburgh
I00428,P00428,30,13,Cunninghamchester
I00429,P00429,47,12,Davidfort
I00430,P00430,34,20,South Catherinefort
I00431,P00431,13,15,Evantown
I00432,P00432,96,11,Angelicaport
I00433,P00433,91,17,Michaelland
I00434,P00434,30,15,East Richard
I00435,P00435,45,11,North Kennethville
I00436,P00436,58,17,Lake Ryan
I00437,P00437,25,14,North Luis
I00438,P00438,44,17,West Jennifer
I00439,P00439,23,17,South Christina
I00440,P00440,42,12,West Matthewbury
I00441,P00441,37,16,Petersfurt
I00442,P00442,20,15,South Stevenborough
I00443,P00443,2,18,Zacharychester
I00444,P00444,83,13,Adamsfort
I00445,P00445,51,15,Branditon
I00446,P00446,35,18,Port Laurieside
I00447,P00447,20,20,Port Ryanhaven
I00448,P00448,20,18,Markberg
I00449,P00449,48,11,Pattonchester
I00450,P00450,94,17,South Jane
I00451,P00451,30,18,Lake Wanda
I00452,P00452,6,15,South Michelle
I00453,P00453,60,17,Jillchester
I00454,P00454,59,17,Port Tylerchester
I00455,P00455,73,11,Torresland
I00456,P00456,34,17,North Kristen
I00457,P00457,71,14,Port Beth
I00458,P00458,15,20,South Bernard
I00459,P00459,17,16,South Melissa
I00460,P00460,4,17,East Tanyaburgh
I00461,P00461,66,12,Mooreberg
I00462,P00462,59,15,Taraville
I00463,P00463,28,14,Port Austinside
I00464,P00464,19,11,Port Tony
I00465,P00465,79,19,East Andres
I00466,P00466,66,19,Anthonybury
I00467,P00467,35,14,North Rickymouth
I00468,P00468,43,10,Lake Jared
I00469,P00469,10,20,North Matthewfort
I00470,P00470,44,18,Castilloville
I00471,P00471,50,13,Amandaville
I00472,P00472,50,11,Cabreramouth
I00473,P00473,36,19,New James
I00474,P00474,70,20,Millerchester
I00475,P00475,25,11,South Pamela
I00476,P00476,79,17,East Ashley
I00477,P00477,53,19,Thomasberg
I00478,P00478,34,20,Shawshire
I00479,P00479,26,13,East Joseph
I00480,P00480,91,15,East Gregory
I00481,P00481,36,17,Port Johnnyborough
I00482,P00482,59,13,New Codyborough
I00483,P00483,23,15,Paulatown
I00484,P00484,12,13,West Jenniferbury
I00485,P00485,87,13,East Eric
I00486,P00486,28,16,New Brandonshire
I00487,P00487,91,20,North Christina
I00488,P00488,53,11,North Jennifer
I00489,P00489,74,14,Cooperport
I00490,P00490,62,11,Wrightland
I00491,P00491,54,18,Hannastad
I00492,P00492,93,20,Port Charlotteview
I00493,P00493,38,16,Lisatown
I00494,P00494,37,18,Joshuastad
I00495,P00495,74,10,Brownburgh
I00496,P00496,19,16,Samanthaville
I00497,P00497,29,19,Melissaville
I00498,P00498,70,13,Connorview
I00499,P00499,9,10,Port Raymond
I00500,P00500,96,18,West Aaron
I00501,P00501,0,19,Henryberg
I00502,P00502,55,19,New Courtney
I00503,P00503,12,15,Glennmouth
I00504,P00504,69,18,New James
I00505,P00505,5,15,West Ashley
I00506,P00506,15,16,Port Kaylabury
I00507,P00507,60,16,Lake Ronaldchester
I00508,P00508,99,20,Blankenshiphaven
I00509,P00509,60,12,East Christopherfurt
I00510,P00510,41,10,North Richardmouth
I00511,P00511,26,20,East Christopherside
I00512,P00512,40,17,South Dana
I00513,P00513,55,11,Port Kathrynland
I00514,P00514,70,10,New Sabrinafurt
I00515,P00515,97,19,Tinashire
I00516,P00516,53,17,New Stacey
I00517,P00517,20,18,Timothyberg
I00518,P00518,8,15,Teresaside
I00519,P00519,30,11,Robinsonmouth
I00520,P00520,32,19,Port Nicolemouth
I00521,P00521,84,18,Baldwinton
I00522,P00522,24,12,Danielport
I00523,P00523,47,10,Port Christopher
I00524,P00524,95,13,Beardville
I00525,P00525,52,12,Petersonburgh
I00526,P00526,31,12,New Amy
I00527,P00527,31,16,North Ashley
I00528,P00528,65,17,Fernandezborough
I00529,P00529,18,13,East Robert
I00530,P00530,9,10,North Laurashire
I00531,P00531,69,10,Pamelafort
I00532,P00532,26,19,North Richard
I00533,P00533,15,17,East Shanemouth
I00534,P00534,96,13,Pearsonland
I00535,P00535,74,20,Port Steven
I00536,P00536,56,16,New Nicholas
I00537,P00537,40,14,Port Crystal
I00538,P00538,100,11,Floresmouth
I00539,P00539,52,17,Deniseland
I00540,P00540,91,17,New Regina
I00541,P00541,57,16,Simsfort
I00542,P00542,5,19,New Brady
I00543,P00543,71,20,West Jill
I00544,P00544,6,13,Port John
I00545,P00545,84,20,South Selenaside
I00546,P00546,19,17,Kelseyton
I00547,P00547,88,19,West Matthewton
I00548,P00548,76,14,West Darrenburgh
I00549,P00549,90,11,South Brittany
I00550,P00550,21,18,Thomaston
I00551,P00551,69,20,Timothyborough
I00552,P00552,26,19,Manningshire
I00553,P00553,38,11,Jeffreytown
I00554,P00554,75,17,Joannaville
I00555,P00555,8,14,Jerrytown
I00556,P00556,77,11,Vanceshire
I00557,P00557,31,16,East Brendanberg
I00558,P00558,88,11,East Larry
I00559,P00559,1,14,Justinbury
I00560,P00560,60,14,West John
I00561,P00561,57,19,Duranhaven
I00562,P00562,91,17,Lake Ernest
I00563,P00563,75,14,Brianmouth
I00564,P00564,26,11,New Annshire
I00565,P00565,33,13,Padillaport
I00566,P00566,56,10,West Matthew
I00567,P00567,27,10,Rachelburgh
I00568,P00568,76,11,East Jacobmouth
I00569,P00569,17,19,Martinezland
I00570,P00570,94,15,Crawfordside
I00571,P00571,43,19,Justinview
I00572,P00572,45,13,East Barbara
I00573,P00573,26,16,Ginatown
I00574,P00574,55,14,Millerland
I00575,P00575,44,14,Jeffreyside
I00576,P00576,4,10,Amberbury
I00577,P00577,31,19,East Vanessaville
I00578,P00578,23,17,South Kevin
I00579,P00579,13,10,Amandabury
I00580,P00580,61,11,Virginiashire
I00581,P00581,97,13,Thomaston
I00582,P00582,29,14,Leonstad
I00583,P00583,9,10,Rosefurt
I00584,P00584,81,15,Hoganfort
I00585,P00585,34,13,Lake Markberg
I00586,P00586,29,14,Mcculloughhaven
I00587,P00587,37,15,South Allisonstad
I00588,P00588,31,19,Elizabethberg
I00589,P00589,22,20,Petertown
I00590,P00590,36,17,Erikaview
I00591,P00591,28,17,Johnstonton
I00592,P00592,66,17,Mendozafurt
I00593,P00593,57,11,New Jasonville
I00594,P00594,36,15,Jenniferfurt
I00595,P00595,29,12,Lake Richard
I00596,P00596,38,13,Lake Jamesbury
I00597,P00597,85,17,Lake Rita
I00598,P00598,40,12,Chaseland
I00599,P00599,37,16,Ericafort
I00600,P00600,87,11,Tonyamouth
I00601,P00601,17,13,Rossview
I00602,P00602,37,15,Moralesfort
I00603,P00603,22,18,East Robertahaven
I00604,P00604,70,12,Carrollfort
I00605,P00605,89,14,Roberttown
I00606,P00606,16,10,Pamelaberg
I00607,P00607,61,11,South Kimberlystad
I00608,P00608,13,20,Ortizshire
I00609,P00609,94,18,Elliottmouth
I00610,P00610,37,11,Nicholasmouth
I00611,P00611,94,11,West Ricky
I00612,P00612,68,19,Silvafurt
I00613,P00613,71,20,New Ashley
I00614,P00614,90,13,Rosebury
I00615,P00615,90,10,Goodwinchester
I00616,P00616,63,13,West Shirley
I00617,P00617,48,14,Morganview
I00618,P00618,35,13,Santanaside
I00619,P00619,66,11,East Brian
I00620,P00620,1,15,North Jody
I00621,P00621,92,11,East Elizabeth
I00622,P00622,97,19,Morganville
I00623,P00623,9,18,Peterstown
I00624,P00624,22,15,New Autumnfurt
I00625,P00625,88,12,Port Victoriaport
I00626,P00626,3,19,Charlesport
I00627,P00627,99,15,Drewshire
I00628,P00628,27,20,Bobbymouth
I00629,P00629,77,12,East Haleystad
I00630,P00630,89,13,Martinezberg
I00631,P00631,55,12,Vaughnhaven
I00632,P00632,24,17,Nicholasfort
I00633,P00633,95,17,Haleymouth
I00634,P00634,58,10,East Roberttown
I00635,P00635,26,19,Peggymouth
I00636,P00636,87,10,Karenstad
I00637,P00637,32,15,Randallshire
I00638,P00638,95,15,North Frankshire
I00639,P00639,91,10,Andrewsstad
I00640,P00640,20,13,Christopherville
I00641,P00641,10,11,Carlostown
I00642,P00642,70,19,New Chad
I00643,P00643,63,13,Johnsonland
I00644,P00644,80,11,North Edward
I00645,P00645,29,16,West Tyler
I00646,P00646,88,19,Port Daniel
I00647,P00647,77,20,Lake Shawn
I00648,P00648,79,20,Shawville
I00649,P00649,95,16,Samanthaberg
I00650,P00650,12,20,Deniseton
I00651,P00651,41,19,South Donnaborough
I00652,P00652,30,15,South Gary
I00653,P00653,58,10,Danielside
I00654,P00654,88,17,Kathrynport
I00655,P00655,83,14,Matthewview
I00656,P00656,84,16,Murphymouth
I00657,P00657,70,16,Washingtonhaven
I00658,P00658,38,17,Sanchezborough
I00659,P00659,78,17,Washingtontown
I00660,P00660,5,16,New Lisa
I00661,P00661,20,10,Lake Brandimouth
I00662,P00662,49,11,North Sarah
I00663,P00663,44,18,South Rebeccaville
I00664,P00664,60,12,Alyssafort
I00665,P00665,71,11,Port Sandraview
I00666,P00666,22,17,Lake Monicamouth
I00667,P00667,37,19,North Amber
I00668,P00668,34,14,Penaville
I00669,P00669,71,13,Ericaville
I00670,P00670,57,18,East Stephenstad
I00671,P00671,87,16,Harrisstad
I00672,P00672,12,20,Nolanberg
I00673,P00673,71,17,New Austinstad
I00674,P00674,9,20,Johnsontown
I00675,P00675,38,19,South Angelaside
I00676,P00676,59,14,Josephview
I00677,P00677,20,15,West Aprilburgh
I00678,P00678,44,20,Donnafort
I00679,P00679,68,11,Mirandashire
I00680,P00680,75,16,Amberstad
I00681,P00681,57,15,Lake Anthonyton
I00682,P00682,21,15,Frankville
I00683,P00683,100,10,Morseborough
I00684,P00684,26,17,Hobbston
I00685,P00685,83,12,Lake Bryan
I00686,P00686,59,20,Lake Linda
I00687,P00687,8,12,Lake Nicole
I00688,P00688,25,13,East Melissatown
I00689,P00689,5,13,East Johnhaven
I00690,P00690,28,20,Phillipsborough
I00691,P00691,75,12,Melissamouth
I00692,P00692,36,15,New Angelachester
I00693,P00693,73,10,Jacobside
I00694,P00694,85,20,East Coreyfort
I00695,P00695,35,17,Lake James
I00696,P00696,4,13,Lake Danielbury
I00697,P00697,40,14,South Benjamin
I00698,P00698,95,11,North Brettside
I00699,P00699,48,13,Welchborough
I00700,P00700,85,18,East Rachel
I00701,P00701,57,10,South Taylorton
I00702,P00702,94,19,Herringchester
I00703,P00703,29,13,Morrisstad
I00704,P00704,70,16,Villabury
I00705,P00705,74,10,Edwardmouth
I00706,P00706,91,15,North Bradleyville
I00707,P00707,31,13,Davidport
I00708,P00708,90,20,Larryshire
I00709,P00709,24,14,New Brianland
I00710,P00710,78,17,Jarvishaven
I00711,P00711,1,19,South Gregoryburgh
I00712,P00712,10,17,Lunachester
I00713,P00713,36,18,Jonathanshire
I00714,P00714,95,11,Griffinmouth
I00715,P00715,0,12,Collinstown
I00716,P00716,88,19,East Jessica
I00717,P00717,0,17,South Jennifermouth
I00718,P00718,68,12,Lake Kyliemouth
I00719,P00719,60,10,North Mary
I00720,P00720,63,11,Jessicastad
I00721,P00721,56,18,Lake Robert
I00722,P00722,1,10,Robinsonchester
I00723,P00723,70,11,Lake Kristin
I00724,P00724,15,20,Morganside
I00725,P00725,30,15,Cynthiaberg
I00726,P00726,73,19,North Georgestad
I00727,P00727,51,18,North Leahton
I00728,P00728,3,20,New Rachelchester
I00729,P00729,18,10,Powellborough
I00730,P00730,96,13,East Angela
I00731,P00731,72,20,Sandovalshire
I00732,P00732,37,20,Erichaven
I00733,P00733,10,20,Lanefurt
I00734,P00734,80,11,Peterchester
I00735,P00735,85,17,South Russell
I00736,P00736,94,17,Danielport
I00737,P00737,38,11,North Kendra
I00738,P00738,7,13,South Ann
I00739,P00739,30,13,South Seanchester
I00740,P00740,20,18,Port David
I00741,P00741,74,20,West Mike
I00742,P00742,84,12,West Andreatown
I00743,P00743,48,17,New Heather
I00744,P00744,6,13,Michaelside
I00745,P00745,75,17,Jamesburgh
I00746,P00746,2,13,East Angela
I00747,P00747,18,17,Nicholasshire
I00748,P00748,40,10,Watsonport
I00749,P00749,27,18,Obrienberg
I00750,P00750,52,17,Robertmouth
I00751,P00751,90,11,Hamptonhaven
I00752,P00752,10,13,Mitchellburgh
I00753,P00753,80,18,Lake Sarahburgh
I00754,P00754,1,13,East Kayla
I00755,P00755,11,18,North Angela
I00756,P00756,92,12,Lambhaven
I00757,P00757,71,17,Stewartchester
I00758,P00758,52,16,East Brittney
I00759,P00759,19,20,Aliciafurt
I00760,P00760,8,16,New Austin
I00761,P00761,76,12,West Christine
I00762,P00762,73,13,New Chelsea
I00763,P00763,74,18,West Laura
I00764,P00764,10,15,New Susanfort
I00765,P00765,82,15,New Wayne
I00766,P00766,13,13,Lake Brandontown
I00767,P00767,24,15,Joseport
I00768,P00768,78,17,East Stevenchester
I00769,P00769,19,16,New Nicolefort
I00770,P00770,16,19,Normaview
I00771,P00771,20,15,North Barbarafort
I00772,P00772,44,17,Michaelberg
I00773,P00773,0,11,North Stacyland
I00774,P00774,25,10,North Dennis
I00775,P00775,79,10,Reedburgh
I00776,P00776,2,13,Smithton
I00777,P00777,80,13,Juliaside
I00778,P00778,33,10,North Nancy
I00779,P00779,23,13,South Jennifer
I00780,P00780,96,19,Littlemouth
I00781,P00781,22,20,South Danielleview
I00782,P00782,55,19,Madelineview
I00783,P00783,48,19,South Omarstad
I00784,P00784,62,13,South Jasmine
I00785,P00785,48,18,Lake Jenniferhaven
I00786,P00786,74,20,Carlsonton
I00787,P00787,57,18,North Brandon
I00788,P00788,63,19,Stevenbury
I00789,P00789,32,19,Jenniferburgh
I00790,P00790,84,10,Chelseafurt
I00791,P00791,21,20,Jacquelinemouth
I00792,P00792,94,10,Lake Peterville
I00793,P00793,12,15,Annebury
I00794,P00794,93,18,Lake Erinfurt
I00795,P00795,85,18,Port Jillview
I00796,P00796,42,12,Jasonview
I00797,P00797,53,11,West Jeanfort
I00798,P00798,10,11,North Kathryn
I00799,P00799,61,13,Johnsontown
I00800,P00800,27,14,Lake Pamelaburgh
I00801,P00801,79,20,Chelseabury
I00802,P00802,86,17,East Jenniferview
I00803,P00803,63,10,South Joshua
I00804,P00804,27,17,Marvinberg
I00805,P00805,19,15,North Jennifer
I00806,P00806,31,18,Gonzalezburgh
I00807,P00807,69,14,Davisbury
I00808,P00808,70,14,Wardfurt
I00809,P00809,17,20,Bennettville
I00810,P00810,57,18,South Wendy
I00811,P00811,74,17,Lake Chadfort
I00812,P00812,58,19,Julieton
I00813,P00813,17,15,Allenfort
I00814,P00814,65,12,West Kristin
I00815,P00815,12,17,Jessicahaven
I00816,P00816,92,20,Davisside
I00817,P00817,77,14,Port Codyberg
I00818,P00818,82,20,North Alexandra
I00819,P00819,79,16,Kingland
I00820,P00820,35,15,North Tammy
I00821,P00821,55,11,Port Jasonfort
I00822,P00822,87,20,Lauraburgh
I00823,P00823,76,19,Prattton
I00824,P00824,65,11,Jonesburgh
I00825,P00825,18,15,New Tammymouth
I00826,P00826,9,11,West Timothy
I00827,P00827,79,13,East Jessicafort
I00828,P00828,3,12,Combsmouth
I00829,P00829,7,14,Smithfort
I00830,P00830,20,12,Bowenburgh
I00831,P00831,58,17,Port Stacy
I00832,P00832,24,10,Meyerton
I00833,P00833,16,11,Hoganberg
I00834,P00834,99,10,Stewartbury
I00835,P00835,48,20,North Valeriestad
I00836,P00836,50,12,Port David
I00837,P00837,13,12,Gibsonside
I00838,P00838,84,17,Jenniferchester
I00839,P00839,54,20,West Eric
I00840,P00840,64,18,Allenborough
I00841,P00841,99,16,Williamsmouth
I00842,P00842,98,12,Robertside
I00843,P00843,64,17,Clarkburgh
I00844,P00844,6,13,South Melissahaven
I00845,P00845,4,20,East Kyleberg
I00846,P00846,4,16,Adamstown
I00847,P00847,3,15,East Amyhaven
I00848,P00848,79,18,Tylerfort
I00849,P00849,53,10,South Alex
I00850,P00850,79,18,Rhondafurt
I00851,P00851,41,11,Williamshaven
I00852,P00852,4,17,Austinton
I00853,P00853,34,12,South Tammy
I00854,P00854,27,14,Johnfurt
I00855,P00855,21,11,Lake Erin
I00856,P00856,34,12,Jonathanton
I00857,P00857,60,17,Amberview
I00858,P00858,67,14,Simmonsfort
I00859,P00859,72,12,New Pamela
I00860,P00860,15,17,Nealfort
I00861,P00861,64,18,Port Devinmouth
I00862,P00862,39,16,Annton
I00863,P00863,76,20,Greenshire
I00864,P00864,69,17,East Michael
I00865,P00865,8,19,Rogerside
I00866,P00866,99,15,Paigebury
I00867,P00867,46,19,Rachelshire
I00868,P00868,41,11,Barkermouth
I00869,P00869,33,15,Angelaton
I00870,P00870,0,17,East Karinamouth
I00871,P00871,51,17,Brandonborough
I00872,P00872,47,18,West Margaret
I00873,P00873,64,17,Jacksonland
I00874,P00874,45,12,Martinezland
I00875,P00875,98,20,New Richardshire
I00876,P00876,7,10,Barbarashire
I00877,P00877,14,19,South Lisabury
I00878,P00878,15,18,Williamsfort
I00879,P00879,22,19,Tuckerview
I00880,P00880,70,11,Millerborough
I00881,P00881,85,16,Marytown
I00882,P00882,27,19,New Scott
I00883,P00883,68,16,Andersonton
I00884,P00884,47,17,East Kylehaven
I00885,P00885,5,20,Rossfurt
I00886,P00886,77,18,Leeville
I00887,P00887,98,14,New Lindaside
I00888,P00888,52,12,Kristinport
I00889,P00889,38,12,Noahstad
I00890,P00890,92,16,Port Thomas
I00891,P00891,10,14,South Dana
I00892,P00892,73,16,South Biancaville
I00893,P00893,44,15,Nathanport
I00894,P00894,40,11,Port Dennis
I00895,P00895,98,19,Jonesshire
I00896,P00896,26,10,East Gabrielaside
I00897,P00897,29,16,North Christianport
I00898,P00898,26,19,South Jennifer
I00899,P00899,52,18,New Hollyhaven
I00900,P00900,76,13,South Branditown
I00901,P00901,67,19,Benderville
I00902,P00902,47,16,New Kim
I00903,P00903,37,13,Sharonfort
I00904,P00904,64,13,East Tyler
I00905,P00905,77,17,Molinaton
I00906,P00906,19,15,North Andreafurt
I00907,P00907,28,11,Lake David
I00908,P00908,27,20,Lake Kristineland
I00909,P00909,80,18,Lisaport
I00910,P00910,73,12,East William
I00911,P00911,98,11,Hoganberg
I00912,P00912,65,14,Lake Madison
I00913,P00913,2,14,Louischester
I00914,P00914,48,20,Webbton
I00915,P00915,28,16,Devinland
I00916,P00916,41,11,Mclaughlinview
I00917,P00917,58,19,Leeview
I00918,P00918,96,14,Port Brianburgh
I00919,P00919,6,13,Adamschester
I00920,P00920,37,15,Castroshire
I00921,P00921,86,18,Lake James
I00922,P00922,89,16,South Austinstad
I00923,P00923,82,11,Jessicachester
I00924,P00924,9,10,Wernerburgh
I00925,P00925,75,15,North Theresaton
I00926,P00926,5,12,West Anna
I00927,P00927,67,17,West Lorichester
I00928,P00928,0,11,Lake Christinaton
I00929,P00929,18,20,Lake Christopherstad
I00930,P00930,100,14,Lake Samanthaside
I00931,P00931,49,18,Lake Juliemouth
I00932,P00932,29,12,Perkinsberg
I00933,P00933,32,10,North Deborahchester
I00934,P00934,71,16,East Shaneton
I00935,P00935,85,19,West Karen
I00936,P00936,7,17,Melissaborough
I00937,P00937,22,13,Port Jeffreyberg
I00938,P00938,7,15,Sototown
I00939,P00939,93,13,North Morgan
I00940,P00940,50,13,Watershaven
I00941,P00941,83,14,Lake Christopherborough
I00942,P00942,16,12,Spencerfort
I00943,P00943,27,15,Petersborough
I00944,P00944,95,20,South Connie
I00945,P00945,36,17,North Rebecca
I00946,P00946,11,18,Ryanchester
I00947,P00947,46,17,Port Jeffery
I00948,P00948,64,17,East Nicholas
I00949,P00949,50,16,Raymondville
I00950,P00950,58,10,Port Allisonshire
I00951,P00951,10,18,Sandersbury
I00952,P00952,0,15,Victoriaside
I00953,P00953,48,14,Port Feliciastad
I00954,P00954,62,11,Robertville
I00955,P00955,49,15,West Karl
I00956,P00956,68,19,Weavermouth
I00957,P00957,46,15,Malonestad
I00958,P00958,64,14,Youngton
I00959,P00959,86,10,Burnsmouth
I00960,P00960,34,14,Garzafort
I00961,P00961,16,19,South Heidi
I00962,P00962,66,20,Wolfhaven
I00963,P00963,47,12,Steveton
I00964,P00964,7,15,Port Johnmouth
I00965,P00965,10,18,New Tammy
I00966,P00966,66,16,North Cindytown
I00967,P00967,29,18,Carlsonland
I00968,P00968,6,18,Lake Christopherport
I00969,P00969,42,19,Seanshire
I00970,P00970,19,16,Davidberg
I00971,P00971,77,17,Madisonland
I00972,P00972,39,12,New Curtisfurt
I00973,P00973,51,18,West Timothyfurt
I00974,P00974,91,16,West Danielle
I00975,P00975,37,13,Clarkview
I00976,P00976,69,18,South Diane
I00977,P00977,33,12,Ronaldshire
I00978,P00978,0,11,East Jason
I00979,P00979,4,20,South Rickybury
I00980,P00980,86,14,East Elijahstad
I00981,P00981,91,15,Lake Jesse
I00982,P00982,26,10,Williamstown
I00983,P00983,17,17,South Timothy
I00984,P00984,13,10,North Robert
I00985,P00985,65,14,North Tonybury
I00986,P00986,1,15,Lisafurt
I00987,P00987,22,15,Lake Sherryview
I00988,P00988,55,20,East Justinfurt
I00989,P00989,0,15,Warrenburgh
I00990,P00990,53,17,Christybury
I00991,P00991,79,19,Moorefurt
I00992,P00992,66,11,Jenniferside
I00993,P00993,8,14,West Teresamouth
I00994,P00994,16,11,Woodschester
I00995,P00995,33,15,Port Joshuaberg
I00996,P00996,37,16,East Christinestad
I00997,P00997,21,11,South Kevin
I00998,P00998,2,16,Jacobland
I00999,P00999,1,14,Colleenport
I01000,P01000,73,14,Josephmouth
